round,client,accuracy,macro_precision,macro_recall,macro_f1,micro_precision,micro_recall,micro_f1
1,0,0.48571,0.24286,0.5,0.32692,0.48571,0.48571,0.48571
1,1,0.4925,0.74616,0.50035,0.3306,0.4925,0.4925,0.4925
1,2,0.50714,0.25357,0.5,0.33649,0.50714,0.50714,0.50714
1,3,0.50286,0.25152,0.49965,0.3346,0.50286,0.50286,0.50286
1,4,0.50607,0.75286,0.50072,0.33731,0.50607,0.50607,0.50607
1,5,0.51107,0.50554,0.50003,0.33952,0.51107,0.51107,0.51107
1,6,0.50643,0.6809,0.5036,0.34378,0.50643,0.50643,0.50643
1,7,0.50214,0.25107,0.5,0.33428,0.50214,0.50214,0.50214
1,8,0.50107,0.50054,0.5,0.33444,0.50107,0.50107,0.50107
1,9,0.49571,0.74777,0.50035,0.33205,0.49571,0.49571,0.49571
2,0,0.5,0.65764,0.51366,0.36314,0.5,0.5,0.5
2,1,0.45714,0.4572,0.45719,0.45713,0.45714,0.45714,0.45714
2,2,0.48393,0.47736,0.48104,0.46037,0.48393,0.48393,0.48393
2,3,0.49643,0.2483,0.49964,0.33174,0.49643,0.49643,0.49643
2,4,0.48214,0.46957,0.47914,0.43611,0.48214,0.48214,0.48214
2,5,0.48643,0.48542,0.48551,0.48503,0.48643,0.48643,0.48643
2,6,0.51393,0.69328,0.51116,0.36182,0.51393,0.51393,0.51393
2,7,0.51036,0.65061,0.50827,0.35713,0.51036,0.51036,0.51036
2,8,0.49143,0.46714,0.49052,0.38069,0.49143,0.49143,0.49143
2,9,0.5025,0.6185,0.507,0.35327,0.5025,0.5025,0.5025
3,0,0.51321,0.35689,0.49898,0.33981,0.51321,0.51321,0.51321
3,1,0.46607,0.44639,0.47144,0.39906,0.46607,0.46607,0.46607
3,2,0.48,0.44044,0.48626,0.36108,0.48,0.48,0.48
3,3,0.47964,0.46254,0.48196,0.40374,0.47964,0.47964,0.47964
3,4,0.51286,0.67396,0.50762,0.35536,0.51286,0.51286,0.51286
3,5,0.52143,0.70418,0.51065,0.36372,0.52143,0.52143,0.52143
3,6,0.47786,0.43185,0.48026,0.36694,0.47786,0.47786,0.47786
3,7,0.46464,0.46133,0.46407,0.45465,0.46464,0.46464,0.46464
3,8,0.49429,0.48216,0.49343,0.39878,0.49429,0.49429,0.49429
3,9,0.49607,0.45793,0.4919,0.36529,0.49607,0.49607,0.49607
4,0,0.47071,0.47257,0.47437,0.46371,0.47071,0.47071,0.47071
4,1,0.50071,0.69819,0.50841,0.35008,0.50071,0.50071,0.50071
4,2,0.485,0.45748,0.49138,0.36186,0.485,0.485,0.485
4,3,0.51393,0.68292,0.51081,0.36182,0.51393,0.51393,0.51393
4,4,0.51286,0.67396,0.50762,0.35536,0.51286,0.51286,0.51286
4,5,0.4975,0.48656,0.49107,0.44741,0.4975,0.4975,0.4975
4,6,0.49679,0.24848,0.49964,0.3319,0.49679,0.49679,0.49679
4,7,0.49821,0.74902,0.50036,0.33317,0.49821,0.49821,0.49821
4,8,0.49893,0.24946,0.5,0.33286,0.49893,0.49893,0.49893
4,9,0.50036,0.44127,0.49588,0.34519,0.50036,0.50036,0.50036
5,0,0.47929,0.4795,0.48901,0.41718,0.47929,0.47929,0.47929
5,1,0.50786,0.50394,0.50004,0.33938,0.50786,0.50786,0.50786
5,2,0.515,0.63062,0.50808,0.36058,0.515,0.515,0.515
5,3,0.47393,0.45124,0.47184,0.41042,0.47393,0.47393,0.47393
5,4,0.44643,0.44655,0.44679,0.44598,0.44643,0.44643,0.44643
5,5,0.48821,0.24428,0.49927,0.32805,0.48821,0.48821,0.48821
5,6,0.49679,0.24848,0.49964,0.3319,0.49679,0.49679,0.49679
5,7,0.46536,0.44304,0.46674,0.40421,0.46536,0.46536,0.46536
5,8,0.49857,0.24937,0.49964,0.3327,0.49857,0.49857,0.49857
5,9,0.49964,0.54158,0.50405,0.3575,0.49964,0.49964,0.49964
6,0,0.515,0.75733,0.50074,0.34125,0.515,0.515,0.515
6,1,0.46429,0.4611,0.46745,0.44327,0.46429,0.46429,0.46429
6,2,0.51393,0.63372,0.50698,0.35708,0.51393,0.51393,0.51393
6,3,0.49643,0.2483,0.49964,0.33174,0.49643,0.49643,0.49643
6,4,0.49536,0.51533,0.50061,0.34044,0.49536,0.49536,0.49536
6,5,0.51179,0.50814,0.50291,0.4121,0.51179,0.51179,0.51179
6,6,0.4875,0.47038,0.48546,0.41136,0.4875,0.4875,0.4875
6,7,0.47643,0.46868,0.47757,0.43711,0.47643,0.47643,0.47643
6,8,0.49893,0.49946,0.49998,0.33908,0.49893,0.49893,0.49893
6,9,0.475,0.45106,0.47196,0.41022,0.475,0.475,0.475
7,0,0.45464,0.45313,0.46015,0.43646,0.45464,0.45464,0.45464
7,1,0.50714,0.25375,0.4993,0.33649,0.50714,0.50714,0.50714
7,2,0.475,0.47414,0.47762,0.45813,0.475,0.475,0.475
7,3,0.44464,0.44469,0.44475,0.44455,0.44464,0.44464,0.44464
7,4,0.44536,0.44532,0.44532,0.44532,0.44536,0.44536,0.44536
7,5,0.49429,0.48551,0.48891,0.45953,0.49429,0.49429,0.49429
7,6,0.51321,0.67269,0.51045,0.36146,0.51321,0.51321,0.51321
7,7,0.51179,0.59124,0.50976,0.36981,0.51179,0.51179,0.51179
7,8,0.49857,0.24937,0.49964,0.3327,0.49857,0.49857,0.49857
7,9,0.48286,0.48019,0.48519,0.44942,0.48286,0.48286,0.48286
8,0,0.49643,0.55301,0.5094,0.37602,0.49643,0.49643,0.49643
8,1,0.44179,0.442,0.44253,0.44088,0.44179,0.44179,0.44179
8,2,0.51679,0.56597,0.51022,0.38217,0.51679,0.51679,0.51679
8,3,0.49679,0.24839,0.5,0.3319,0.49679,0.49679,0.49679
8,4,0.5125,0.67118,0.50726,0.35459,0.5125,0.5125,0.5125
8,5,0.48714,0.46882,0.48039,0.43036,0.48714,0.48714,0.48714
8,6,0.49714,0.24857,0.5,0.33206,0.49714,0.49714,0.49714
8,7,0.49821,0.74902,0.50036,0.33317,0.49821,0.49821,0.49821
8,8,0.49893,0.49946,0.5,0.33349,0.49893,0.49893,0.49893
8,9,0.475,0.4676,0.47757,0.43277,0.475,0.475,0.475
9,0,0.47107,0.46624,0.48027,0.41555,0.47107,0.47107,0.47107
9,1,0.5,0.69444,0.5077,0.34857,0.5,0.5,0.5
9,2,0.46821,0.44933,0.4731,0.40083,0.46821,0.46821,0.46821
9,3,0.50786,0.52849,0.50493,0.37732,0.50786,0.50786,0.50786
9,4,0.49036,0.47224,0.48651,0.41255,0.49036,0.49036,0.49036
9,5,0.45821,0.45562,0.45656,0.4543,0.45821,0.45821,0.45821
9,6,0.48857,0.4669,0.48638,0.3988,0.48857,0.48857,0.48857
9,7,0.49786,0.49893,0.5,0.33301,0.49786,0.49786,0.49786
9,8,0.49857,0.24937,0.49964,0.3327,0.49857,0.49857,0.49857
9,9,0.50393,0.47091,0.49934,0.33951,0.50393,0.50393,0.50393
10,0,0.47714,0.46444,0.48901,0.3767,0.47714,0.47714,0.47714
10,1,0.46286,0.45736,0.46649,0.4346,0.46286,0.46286,0.46286
10,2,0.50857,0.50905,0.50249,0.39527,0.50857,0.50857,0.50857
10,3,0.51357,0.68109,0.51045,0.36105,0.51357,0.51357,0.51357
10,4,0.45143,0.44736,0.45321,0.43675,0.45143,0.45143,0.45143
10,5,0.48,0.43351,0.49022,0.34744,0.48,0.48,0.48
10,6,0.51821,0.63495,0.51553,0.3792,0.51821,0.51821,0.51821
10,7,0.50321,0.50652,0.5013,0.37732,0.50321,0.50321,0.50321
10,8,0.46536,0.45668,0.46585,0.43579,0.46536,0.46536,0.46536
10,9,0.50464,0.25232,0.5,0.33539,0.50464,0.50464,0.50464
11,0,0.47536,0.46247,0.48687,0.38185,0.47536,0.47536,0.47536
11,1,0.50143,0.68955,0.5091,0.35217,0.50143,0.50143,0.50143
11,2,0.50107,0.49038,0.49574,0.41668,0.50107,0.50107,0.50107
11,3,0.47429,0.44679,0.47207,0.40191,0.47429,0.47429,0.47429
11,4,0.49536,0.6225,0.5007,0.33314,0.49536,0.49536,0.49536
11,5,0.52143,0.70418,0.51065,0.36372,0.52143,0.52143,0.52143
11,6,0.4575,0.45748,0.45748,0.45748,0.4575,0.4575,0.4575
11,7,0.49036,0.47153,0.48869,0.39874,0.49036,0.49036,0.49036
11,8,0.49964,0.49343,0.49868,0.37385,0.49964,0.49964,0.49964
11,9,0.47143,0.46974,0.47294,0.45792,0.47143,0.47143,0.47143
12,0,0.46071,0.46201,0.46285,0.45867,0.46071,0.46071,0.46071
12,1,0.49786,0.53823,0.50517,0.3652,0.49786,0.49786,0.49786
12,2,0.51393,0.64105,0.50697,0.35648,0.51393,0.51393,0.51393
12,3,0.4525,0.45228,0.45236,0.45219,0.4525,0.4525,0.4525
12,4,0.48821,0.47486,0.48484,0.42968,0.48821,0.48821,0.48821
12,5,0.47643,0.47663,0.47663,0.47643,0.47643,0.47643,0.47643
12,6,0.4975,0.54866,0.50035,0.3341,0.4975,0.4975,0.4975
12,7,0.49143,0.46938,0.49332,0.36933,0.49143,0.49143,0.49143
12,8,0.49821,0.37428,0.49928,0.33317,0.49821,0.49821,0.49821
12,9,0.49214,0.46658,0.48839,0.39038,0.49214,0.49214,0.49214
13,0,0.49857,0.56966,0.51162,0.37673,0.49857,0.49857,0.49857
13,1,0.46536,0.44878,0.47046,0.40542,0.46536,0.46536,0.46536
13,2,0.46286,0.45662,0.46067,0.44875,0.46286,0.46286,0.46286
13,3,0.48607,0.47167,0.48395,0.42219,0.48607,0.48607,0.48607
13,4,0.47893,0.46205,0.47571,0.42535,0.47893,0.47893,0.47893
13,5,0.45929,0.45166,0.46511,0.42235,0.45929,0.45929,0.45929
13,6,0.51714,0.61628,0.51447,0.3797,0.51714,0.51714,0.51714
13,7,0.51429,0.62227,0.51225,0.37166,0.51429,0.51429,0.51429
13,8,0.47393,0.47025,0.47432,0.45551,0.47393,0.47393,0.47393
13,9,0.45464,0.45232,0.45382,0.44986,0.45464,0.45464,0.45464
14,0,0.49857,0.7103,0.51244,0.35584,0.49857,0.49857,0.49857
14,1,0.50071,0.69819,0.50841,0.35008,0.50071,0.50071,0.50071
14,2,0.49036,0.4639,0.49722,0.3433,0.49036,0.49036,0.49036
14,3,0.49643,0.2483,0.49964,0.33174,0.49643,0.49643,0.49643
14,4,0.48071,0.47812,0.48333,0.44937,0.48071,0.48071,0.48071
14,5,0.50429,0.48185,0.4949,0.38859,0.50429,0.50429,0.50429
14,6,0.49,0.47003,0.4878,0.39969,0.49,0.49,0.49
14,7,0.51393,0.65976,0.51187,0.36586,0.51393,0.51393,0.51393
14,8,0.49893,0.24946,0.5,0.33286,0.49893,0.49893,0.49893
14,9,0.50464,0.25232,0.5,0.33539,0.50464,0.50464,0.50464
15,0,0.45536,0.45651,0.45735,0.4536,0.45536,0.45536,0.45536
15,1,0.5,0.69444,0.5077,0.34857,0.5,0.5,0.5
15,2,0.48393,0.4605,0.47903,0.41205,0.48393,0.48393,0.48393
15,3,0.49679,0.24839,0.5,0.3319,0.49679,0.49679,0.49679
15,4,0.49464,0.24732,0.5,0.33094,0.49464,0.49464,0.49464
15,5,0.48643,0.48311,0.48395,0.47856,0.48643,0.48643,0.48643
15,6,0.51071,0.54125,0.50816,0.38598,0.51071,0.51071,0.51071
15,7,0.48571,0.46443,0.48744,0.38776,0.48571,0.48571,0.48571
15,8,0.48464,0.47677,0.48529,0.433,0.48464,0.48464,0.48464
15,9,0.45321,0.44793,0.45192,0.44176,0.45321,0.45321,0.45321
16,0,0.49821,0.70934,0.51209,0.35511,0.49821,0.49821,0.49821
16,1,0.50071,0.68569,0.50839,0.35066,0.50071,0.50071,0.50071
16,2,0.49286,0.24643,0.5,0.33014,0.49286,0.49286,0.49286
16,3,0.49679,0.24839,0.5,0.3319,0.49679,0.49679,0.49679
16,4,0.47643,0.473,0.47894,0.44738,0.47643,0.47643,0.47643
16,5,0.52429,0.65136,0.51374,0.3757,0.52429,0.52429,0.52429
16,6,0.47821,0.46247,0.47647,0.42344,0.47821,0.47821,0.47821
16,7,0.51321,0.59104,0.51121,0.37493,0.51321,0.51321,0.51321
16,8,0.48286,0.46608,0.48363,0.40656,0.48286,0.48286,0.48286
16,9,0.50143,0.61405,0.50595,0.35043,0.50143,0.50143,0.50143
17,0,0.46786,0.44281,0.45999,0.41952,0.46786,0.46786,0.46786
17,1,0.5,0.69444,0.5077,0.34857,0.5,0.5,0.5
17,2,0.48929,0.45755,0.49609,0.34505,0.48929,0.48929,0.48929
17,3,0.48429,0.45696,0.48697,0.37743,0.48429,0.48429,0.48429
17,4,0.51286,0.67396,0.50762,0.35536,0.51286,0.51286,0.51286
17,5,0.51393,0.51816,0.50424,0.39124,0.51393,0.51393,0.51393
17,6,0.49643,0.24839,0.49928,0.33174,0.49643,0.49643,0.49643
17,7,0.45321,0.45321,0.45321,0.45321,0.45321,0.45321,0.45321
17,8,0.51179,0.70063,0.51074,0.35959,0.51179,0.51179,0.51179
17,9,0.4825,0.47442,0.48556,0.42123,0.4825,0.4825,0.4825
18,0,0.51321,0.47121,0.49914,0.34499,0.51321,0.51321,0.51321
18,1,0.50143,0.44157,0.49399,0.35101,0.50143,0.50143,0.50143
18,2,0.49286,0.24643,0.5,0.33014,0.49286,0.49286,0.49286
18,3,0.48429,0.45664,0.48697,0.37699,0.48429,0.48429,0.48429
18,4,0.50321,0.49396,0.49855,0.38322,0.50321,0.50321,0.50321
18,5,0.48821,0.471,0.48153,0.43283,0.48821,0.48821,0.48821
18,6,0.49714,0.24857,0.5,0.33206,0.49714,0.49714,0.49714
18,7,0.4975,0.4155,0.49964,0.33285,0.4975,0.4975,0.4975
18,8,0.49821,0.24929,0.49928,0.33254,0.49821,0.49821,0.49821
18,9,0.45,0.43775,0.4481,0.42499,0.45,0.45,0.45
19,0,0.4425,0.4429,0.44291,0.4425,0.4425,0.4425,0.4425
19,1,0.50071,0.69819,0.50841,0.35008,0.50071,0.50071,0.50071
19,2,0.48893,0.46827,0.48391,0.4137,0.48893,0.48893,0.48893
19,3,0.48679,0.47158,0.48461,0.4189,0.48679,0.48679,0.48679
19,4,0.49464,0.24732,0.5,0.33094,0.49464,0.49464,0.49464
19,5,0.50929,0.49892,0.49972,0.38957,0.50929,0.50929,0.50929
19,6,0.46643,0.46644,0.46644,0.46643,0.46643,0.46643,0.46643
19,7,0.48964,0.47699,0.48815,0.41823,0.48964,0.48964,0.48964
19,8,0.49857,0.41604,0.49964,0.33333,0.49857,0.49857,0.49857
19,9,0.45107,0.44282,0.44948,0.43366,0.45107,0.45107,0.45107
20,0,0.48464,0.48819,0.49694,0.37675,0.48464,0.48464,0.48464
20,1,0.49821,0.45084,0.4911,0.36327,0.49821,0.49821,0.49821
20,2,0.48893,0.47441,0.48445,0.43048,0.48893,0.48893,0.48893
20,3,0.47143,0.46037,0.46985,0.43683,0.47143,0.47143,0.47143
20,4,0.44786,0.44413,0.44952,0.43515,0.44786,0.44786,0.44786
20,5,0.47464,0.47582,0.4765,0.47181,0.47464,0.47464,0.47464
20,6,0.47036,0.4618,0.47182,0.43407,0.47036,0.47036,0.47036
20,7,0.47679,0.45202,0.47529,0.40357,0.47679,0.47679,0.47679
20,8,0.49893,0.49946,0.49999,0.33537,0.49893,0.49893,0.49893
20,9,0.44286,0.44189,0.44241,0.44134,0.44286,0.44286,0.44286
21,0,0.47929,0.47452,0.49065,0.38946,0.47929,0.47929,0.47929
21,1,0.48393,0.44614,0.47789,0.39035,0.48393,0.48393,0.48393
21,2,0.49357,0.7466,0.5007,0.33171,0.49357,0.49357,0.49357
21,3,0.49679,0.24839,0.5,0.3319,0.49679,0.49679,0.49679
21,4,0.48571,0.47883,0.48952,0.41392,0.48571,0.48571,0.48571
21,5,0.49464,0.47556,0.48704,0.42227,0.49464,0.49464,0.49464
21,6,0.46857,0.46264,0.46982,0.44246,0.46857,0.46857,0.46857
21,7,0.49821,0.74902,0.50036,0.33317,0.49821,0.49821,0.49821
21,8,0.49893,0.49946,0.5,0.33349,0.49893,0.49893,0.49893
21,9,0.50464,0.25232,0.5,0.33539,0.50464,0.50464,0.50464
22,0,0.48964,0.50677,0.50184,0.385,0.48964,0.48964,0.48964
22,1,0.50786,0.25393,0.5,0.33681,0.50786,0.50786,0.50786
22,2,0.47357,0.47259,0.47614,0.45736,0.47357,0.47357,0.47357
22,3,0.49536,0.4266,0.49854,0.33437,0.49536,0.49536,0.49536
22,4,0.47,0.47003,0.47003,0.47,0.47,0.47,0.47
22,5,0.48857,0.24437,0.49963,0.32821,0.48857,0.48857,0.48857
22,6,0.46929,0.46421,0.47048,0.44566,0.46929,0.46929,0.46929
22,7,0.51036,0.65061,0.50827,0.35713,0.51036,0.51036,0.51036
22,8,0.45571,0.45286,0.45546,0.44795,0.45571,0.45571,0.45571
22,9,0.48393,0.46329,0.48771,0.38374,0.48393,0.48393,0.48393
23,0,0.44786,0.44876,0.44918,0.44723,0.44786,0.44786,0.44786
23,1,0.50071,0.68569,0.50839,0.35066,0.50071,0.50071,0.50071
23,2,0.46786,0.46589,0.46673,0.46392,0.46786,0.46786,0.46786
23,3,0.47286,0.44615,0.47069,0.40363,0.47286,0.47286,0.47286
23,4,0.46714,0.45345,0.46453,0.43184,0.46714,0.46714,0.46714
23,5,0.48857,0.24437,0.49963,0.32821,0.48857,0.48857,0.48857
23,6,0.49571,0.24821,0.49856,0.33142,0.49571,0.49571,0.49571
23,7,0.48357,0.47167,0.48226,0.4295,0.48357,0.48357,0.48357
23,8,0.46321,0.45755,0.46284,0.44575,0.46321,0.46321,0.46321
23,9,0.48786,0.48698,0.49015,0.45596,0.48786,0.48786,0.48786
24,0,0.49714,0.59816,0.51064,0.36377,0.49714,0.49714,0.49714
24,1,0.45714,0.45694,0.45695,0.45694,0.45714,0.45714,0.45714
24,2,0.51464,0.64014,0.5077,0.35862,0.51464,0.51464,0.51464
24,3,0.44857,0.44563,0.44791,0.44234,0.44857,0.44857,0.44857
24,4,0.49464,0.24732,0.5,0.33094,0.49464,0.49464,0.49464
24,5,0.47036,0.47028,0.47026,0.47024,0.47036,0.47036,0.47036
24,6,0.4575,0.44458,0.45895,0.42078,0.4575,0.4575,0.4575
24,7,0.51036,0.56783,0.50835,0.37126,0.51036,0.51036,0.51036
24,8,0.4975,0.49762,0.49779,0.48852,0.4975,0.4975,0.4975
24,9,0.46357,0.43485,0.46065,0.40268,0.46357,0.46357,0.46357
25,0,0.49821,0.70934,0.51209,0.35511,0.49821,0.49821,0.49821
25,1,0.46929,0.44609,0.47504,0.39098,0.46929,0.46929,0.46929
25,2,0.51393,0.53972,0.5075,0.38526,0.51393,0.51393,0.51393
25,3,0.48107,0.46617,0.48336,0.4071,0.48107,0.48107,0.48107
25,4,0.495,0.5002,0.50002,0.35677,0.495,0.495,0.495
25,5,0.48857,0.41104,0.49962,0.32883,0.48857,0.48857,0.48857
25,6,0.47679,0.44441,0.47904,0.38191,0.47679,0.47679,0.47679
25,7,0.51036,0.57988,0.50833,0.36742,0.51036,0.51036,0.51036
25,8,0.48786,0.47819,0.4886,0.41899,0.48786,0.48786,0.48786
25,9,0.50143,0.61405,0.50595,0.35043,0.50143,0.50143,0.50143
26,0,0.51429,0.25714,0.5,0.33962,0.51429,0.51429,0.51429
26,1,0.50214,0.45257,0.49473,0.35367,0.50214,0.50214,0.50214
26,2,0.48821,0.40737,0.49517,0.33529,0.48821,0.48821,0.48821
26,3,0.49679,0.24839,0.5,0.3319,0.49679,0.49679,0.49679
26,4,0.50357,0.49146,0.49865,0.36715,0.50357,0.50357,0.50357
26,5,0.46571,0.46261,0.47093,0.43722,0.46571,0.46571,0.46571
26,6,0.51393,0.69328,0.51116,0.36182,0.51393,0.51393,0.51393
26,7,0.48786,0.46008,0.4897,0.37262,0.48786,0.48786,0.48786
26,8,0.46464,0.4606,0.46431,0.45153,0.46464,0.46464,0.46464
26,9,0.49893,0.52044,0.50319,0.36837,0.49893,0.49893,0.49893
27,0,0.49821,0.46164,0.48666,0.39185,0.49821,0.49821,0.49821
27,1,0.45714,0.42053,0.46287,0.37778,0.45714,0.45714,0.45714
27,2,0.49036,0.40367,0.4974,0.3327,0.49036,0.49036,0.49036
27,3,0.49714,0.58181,0.50035,0.33332,0.49714,0.49714,0.49714
27,4,0.47857,0.47473,0.47697,0.46586,0.47857,0.47857,0.47857
27,5,0.48036,0.47944,0.47954,0.47918,0.48036,0.48036,0.48036
27,6,0.49143,0.47044,0.48915,0.39415,0.49143,0.49143,0.49143
27,7,0.49821,0.74902,0.50036,0.33317,0.49821,0.49821,0.49821
27,8,0.49857,0.24937,0.49964,0.3327,0.49857,0.49857,0.49857
27,9,0.48036,0.4708,0.48341,0.41944,0.48036,0.48036,0.48036
28,0,0.48036,0.47021,0.49279,0.36837,0.48036,0.48036,0.48036
28,1,0.45357,0.44607,0.45115,0.43895,0.45357,0.45357,0.45357
28,2,0.49286,0.24643,0.5,0.33014,0.49286,0.49286,0.49286
28,3,0.45536,0.45283,0.45471,0.44949,0.45536,0.45536,0.45536
28,4,0.50929,0.52139,0.50453,0.38518,0.50929,0.50929,0.50929
28,5,0.50821,0.49365,0.49852,0.38408,0.50821,0.50821,0.50821
28,6,0.48964,0.47819,0.48775,0.42559,0.48964,0.48964,0.48964
28,7,0.49821,0.74902,0.50036,0.33317,0.49821,0.49821,0.49821
28,8,0.48214,0.48149,0.48238,0.47597,0.48214,0.48214,0.48214
28,9,0.46429,0.4561,0.46251,0.44295,0.46429,0.46429,0.46429
29,0,0.50179,0.44128,0.48891,0.36461,0.50179,0.50179,0.50179
29,1,0.48643,0.46732,0.49345,0.36363,0.48643,0.48643,0.48643
29,2,0.51321,0.57487,0.50638,0.3632,0.51321,0.51321,0.51321
29,3,0.47071,0.46491,0.47218,0.44268,0.47071,0.47071,0.47071
29,4,0.495,0.53312,0.50033,0.33359,0.495,0.495,0.495
29,5,0.48071,0.40377,0.49127,0.33689,0.48071,0.48071,0.48071
29,6,0.44964,0.44944,0.44992,0.44847,0.44964,0.44964,0.44964
29,7,0.51036,0.57789,0.50833,0.36797,0.51036,0.51036,0.51036
29,8,0.47929,0.47445,0.47977,0.45096,0.47929,0.47929,0.47929
29,9,0.5025,0.6185,0.507,0.35327,0.5025,0.5025,0.5025
30,0,0.51464,0.75723,0.50037,0.34044,0.51464,0.51464,0.51464
30,1,0.47857,0.46093,0.4847,0.3894,0.47857,0.47857,0.47857
30,2,0.51429,0.64432,0.50733,0.35725,0.51429,0.51429,0.51429
30,3,0.51393,0.68292,0.51081,0.36182,0.51393,0.51393,0.51393
30,4,0.51321,0.61473,0.50805,0.36146,0.51321,0.51321,0.51321
30,5,0.52107,0.70258,0.51029,0.36294,0.52107,0.52107,0.52107
30,6,0.45,0.44789,0.4495,0.44544,0.45,0.45,0.45
30,7,0.49821,0.74902,0.50036,0.33317,0.49821,0.49821,0.49821
30,8,0.46893,0.45532,0.46835,0.42681,0.46893,0.46893,0.46893
30,9,0.47679,0.47444,0.47867,0.45523,0.47679,0.47679,0.47679
31,0,0.43929,0.44009,0.44052,0.43876,0.43929,0.43929,0.43929
31,1,0.44643,0.44168,0.44464,0.43824,0.44643,0.44643,0.44643
31,2,0.51036,0.5153,0.5043,0.3986,0.51036,0.51036,0.51036
31,3,0.51643,0.67953,0.51334,0.36827,0.51643,0.51643,0.51643
31,4,0.49464,0.24732,0.5,0.33094,0.49464,0.49464,0.49464
31,5,0.46821,0.39801,0.47801,0.34635,0.46821,0.46821,0.46821
31,6,0.48607,0.47421,0.48429,0.42932,0.48607,0.48607,0.48607
31,7,0.46036,0.45936,0.46075,0.45591,0.46036,0.46036,0.46036
31,8,0.48536,0.47058,0.48614,0.4075,0.48536,0.48536,0.48536
31,9,0.50107,0.55791,0.50549,0.35878,0.50107,0.50107,0.50107
32,0,0.49,0.50831,0.50223,0.38477,0.49,0.49,0.49
32,1,0.4575,0.45784,0.45842,0.45608,0.4575,0.4575,0.4575
32,2,0.51393,0.64105,0.50697,0.35648,0.51393,0.51393,0.51393
32,3,0.49679,0.24839,0.5,0.3319,0.49679,0.49679,0.49679
32,4,0.49821,0.47997,0.49377,0.39052,0.49821,0.49821,0.49821
32,5,0.48857,0.24437,0.49963,0.32821,0.48857,0.48857,0.48857
32,6,0.45607,0.4559,0.45636,0.4548,0.45607,0.45607,0.45607
32,7,0.49786,0.24893,0.5,0.33238,0.49786,0.49786,0.49786
32,8,0.48,0.47966,0.48017,0.47683,0.48,0.48,0.48
32,9,0.44536,0.44316,0.44461,0.44135,0.44536,0.44536,0.44536
33,0,0.455,0.45346,0.46056,0.43645,0.455,0.455,0.455
33,1,0.50786,0.25393,0.5,0.33681,0.50786,0.50786,0.50786
33,2,0.49429,0.47484,0.48894,0.40818,0.49429,0.49429,0.49429
33,3,0.43607,0.43575,0.43591,0.43562,0.43607,0.43607,0.43607
33,4,0.4725,0.47211,0.47383,0.46493,0.4725,0.4725,0.4725
33,5,0.51,0.50122,0.50028,0.38558,0.51,0.51,0.51
33,6,0.49714,0.24857,0.5,0.33206,0.49714,0.49714,0.49714
33,7,0.51036,0.65061,0.50827,0.35713,0.51036,0.51036,0.51036
33,8,0.49893,0.24946,0.5,0.33286,0.49893,0.49893,0.49893
33,9,0.5025,0.6185,0.507,0.35327,0.5025,0.5025,0.5025
34,0,0.49821,0.70934,0.51209,0.35511,0.49821,0.49821,0.49821
34,1,0.49964,0.69237,0.50735,0.34781,0.49964,0.49964,0.49964
34,2,0.47679,0.46433,0.47321,0.43985,0.47679,0.47679,0.47679
34,3,0.51357,0.68109,0.51045,0.36105,0.51357,0.51357,0.51357
34,4,0.51214,0.56174,0.5071,0.36945,0.51214,0.51214,0.51214
34,5,0.47607,0.46502,0.47134,0.44841,0.47607,0.47607,0.47607
34,6,0.51357,0.68274,0.5108,0.36164,0.51357,0.51357,0.51357
34,7,0.49786,0.24893,0.5,0.33238,0.49786,0.49786,0.49786
34,8,0.48821,0.46523,0.4891,0.38284,0.48821,0.48821,0.48821
34,9,0.49179,0.4886,0.49536,0.40583,0.49179,0.49179,0.49179
35,0,0.51464,0.75723,0.50037,0.34044,0.51464,0.51464,0.51464
35,1,0.50357,0.56237,0.51072,0.37951,0.50357,0.50357,0.50357
35,2,0.46714,0.44805,0.46327,0.42256,0.46714,0.46714,0.46714
35,3,0.49679,0.24839,0.5,0.3319,0.49679,0.49679,0.49679
35,4,0.495,0.51406,0.5003,0.33605,0.495,0.495,0.495
35,5,0.52107,0.70258,0.51029,0.36294,0.52107,0.52107,0.52107
35,6,0.46714,0.45109,0.46886,0.41499,0.46714,0.46714,0.46714
35,7,0.48,0.47952,0.48046,0.4742,0.48,0.48,0.48
35,8,0.48393,0.47525,0.48459,0.43059,0.48393,0.48393,0.48393
35,9,0.50143,0.61405,0.50595,0.35043,0.50143,0.50143,0.50143
36,0,0.5,0.69636,0.51379,0.35989,0.5,0.5,0.5
36,1,0.50429,0.43729,0.49664,0.34402,0.50429,0.50429,0.50429
36,2,0.48,0.44584,0.48616,0.36584,0.48,0.48,0.48
36,3,0.50143,0.49284,0.49856,0.37483,0.50143,0.50143,0.50143
36,4,0.51321,0.67657,0.50798,0.35613,0.51321,0.51321,0.51321
36,5,0.51,0.50524,0.50335,0.45737,0.51,0.51,0.51
36,6,0.48964,0.43483,0.49233,0.34746,0.48964,0.48964,0.48964
36,7,0.50107,0.4995,0.4997,0.44373,0.50107,0.50107,0.50107
36,8,0.475,0.46219,0.47564,0.42416,0.475,0.475,0.475
36,9,0.50464,0.25232,0.5,0.33539,0.50464,0.50464,0.50464
37,0,0.46536,0.45566,0.46056,0.44723,0.46536,0.46536,0.46536
37,1,0.48,0.47166,0.48549,0.41138,0.48,0.48,0.48
37,2,0.4925,0.47633,0.48757,0.42083,0.4925,0.4925,0.4925
37,3,0.50357,0.50324,0.50076,0.38391,0.50357,0.50357,0.50357
37,4,0.495,0.51663,0.50031,0.33544,0.495,0.495,0.495
37,5,0.47107,0.4721,0.47379,0.46429,0.47107,0.47107,0.47107
37,6,0.49714,0.24857,0.5,0.33206,0.49714,0.49714,0.49714
37,7,0.49464,0.4836,0.49302,0.40879,0.49464,0.49464,0.49464
37,8,0.4875,0.48734,0.48742,0.48669,0.4875,0.4875,0.4875
37,9,0.50393,0.55245,0.50819,0.37467,0.50393,0.50393,0.50393
38,0,0.48321,0.48713,0.49199,0.4346,0.48321,0.48321,0.48321
38,1,0.49071,0.45764,0.48446,0.39037,0.49071,0.49071,0.49071
38,2,0.51393,0.63372,0.50698,0.35708,0.51393,0.51393,0.51393
38,3,0.50143,0.49347,0.49858,0.37783,0.50143,0.50143,0.50143
38,4,0.49464,0.24732,0.5,0.33094,0.49464,0.49464,0.49464
38,5,0.51679,0.53904,0.50671,0.38269,0.51679,0.51679,0.51679
38,6,0.49714,0.24857,0.5,0.33206,0.49714,0.49714,0.49714
38,7,0.46893,0.46878,0.46884,0.46864,0.46893,0.46893,0.46893
38,8,0.49893,0.49946,0.5,0.33349,0.49893,0.49893,0.49893
38,9,0.4675,0.46595,0.46677,0.46385,0.4675,0.4675,0.4675
39,0,0.51429,0.25714,0.5,0.33962,0.51429,0.51429,0.51429
39,1,0.5075,0.42051,0.49966,0.3373,0.5075,0.5075,0.5075
39,2,0.4775,0.47117,0.47492,0.45846,0.4775,0.4775,0.4775
39,3,0.47821,0.47484,0.47961,0.45301,0.47821,0.47821,0.47821
39,4,0.47714,0.47561,0.4792,0.45832,0.47714,0.47714,0.47714
39,5,0.52143,0.70418,0.51065,0.36372,0.52143,0.52143,0.52143
39,6,0.49714,0.49857,0.5,0.33269,0.49714,0.49714,0.49714
39,7,0.4925,0.46037,0.49449,0.35494,0.4925,0.4925,0.4925
39,8,0.50964,0.56527,0.50864,0.37303,0.50964,0.50964,0.50964
39,9,0.50357,0.56291,0.50791,0.36822,0.50357,0.50357,0.50357
40,0,0.48179,0.48406,0.49163,0.4183,0.48179,0.48179,0.48179
40,1,0.49143,0.43447,0.48456,0.36585,0.49143,0.49143,0.49143
40,2,0.48643,0.4304,0.49321,0.34251,0.48643,0.48643,0.48643
40,3,0.49571,0.4843,0.49328,0.40986,0.49571,0.49571,0.49571
40,4,0.49714,0.51281,0.50205,0.36741,0.49714,0.49714,0.49714
40,5,0.52107,0.70258,0.51029,0.36294,0.52107,0.52107,0.52107
40,6,0.50286,0.50165,0.50076,0.42365,0.50286,0.50286,0.50286
40,7,0.48643,0.45616,0.48826,0.37275,0.48643,0.48643,0.48643
40,8,0.51071,0.63535,0.50968,0.36195,0.51071,0.51071,0.51071
40,9,0.48357,0.45314,0.48005,0.39448,0.48357,0.48357,0.48357
41,0,0.48964,0.50779,0.50198,0.38191,0.48964,0.48964,0.48964
41,1,0.50786,0.25393,0.5,0.33681,0.50786,0.50786,0.50786
41,2,0.51393,0.63372,0.50698,0.35708,0.51393,0.51393,0.51393
41,3,0.49643,0.47557,0.49962,0.33486,0.49643,0.49643,0.49643
41,4,0.49464,0.24732,0.5,0.33094,0.49464,0.49464,0.49464
41,5,0.46429,0.45806,0.47024,0.4259,0.46429,0.46429,0.46429
41,6,0.49714,0.49857,0.5,0.33269,0.49714,0.49714,0.49714
41,7,0.50143,0.49874,0.49963,0.39331,0.50143,0.50143,0.50143
41,8,0.49929,0.52733,0.50035,0.33616,0.49929,0.49929,0.49929
41,9,0.50143,0.61405,0.50595,0.35043,0.50143,0.50143,0.50143
42,0,0.49821,0.69941,0.51207,0.35566,0.49821,0.49821,0.49821
42,1,0.50214,0.66522,0.50977,0.35539,0.50214,0.50214,0.50214
42,2,0.4775,0.47713,0.48005,0.46161,0.4775,0.4775,0.4775
42,3,0.46786,0.45343,0.46976,0.41794,0.46786,0.46786,0.46786
42,4,0.495,0.58074,0.50035,0.33235,0.495,0.495,0.495
42,5,0.47821,0.47881,0.47888,0.47801,0.47821,0.47821,0.47821
42,6,0.51286,0.66308,0.51009,0.36128,0.51286,0.51286,0.51286
42,7,0.47286,0.47122,0.47345,0.46275,0.47286,0.47286,0.47286
42,8,0.51143,0.71031,0.51038,0.35824,0.51143,0.51143,0.51143
42,9,0.50036,0.53778,0.5047,0.36386,0.50036,0.50036,0.50036
43,0,0.4675,0.45956,0.47682,0.40987,0.4675,0.4675,0.4675
43,1,0.50071,0.69819,0.50841,0.35008,0.50071,0.50071,0.50071
43,2,0.48143,0.45698,0.48744,0.37443,0.48143,0.48143,0.48143
43,3,0.49679,0.24839,0.5,0.3319,0.49679,0.49679,0.49679
43,4,0.47429,0.46817,0.47234,0.45536,0.47429,0.47429,0.47429
43,5,0.46786,0.41118,0.47741,0.35341,0.46786,0.46786,0.46786
43,6,0.49607,0.43012,0.49891,0.33408,0.49607,0.49607,0.49607
43,7,0.49357,0.48103,0.49195,0.40735,0.49357,0.49357,0.49357
43,8,0.48464,0.48437,0.48483,0.48092,0.48464,0.48464,0.48464
43,9,0.50107,0.43895,0.49656,0.34313,0.50107,0.50107,0.50107
44,0,0.47036,0.4662,0.47921,0.41947,0.47036,0.47036,0.47036
44,1,0.50786,0.25393,0.5,0.33681,0.50786,0.50786,0.50786
44,2,0.48357,0.44056,0.49009,0.35296,0.48357,0.48357,0.48357
44,3,0.47643,0.45763,0.4744,0.41759,0.47643,0.47643,0.47643
44,4,0.45071,0.44711,0.4524,0.43757,0.45071,0.45071,0.45071
44,5,0.48857,0.24437,0.49963,0.32821,0.48857,0.48857,0.48857
44,6,0.49679,0.44848,0.49963,0.33316,0.49679,0.49679,0.49679
44,7,0.51,0.56165,0.508,0.37215,0.51,0.51,0.51
44,8,0.44643,0.44303,0.44618,0.43853,0.44643,0.44643,0.44643
44,9,0.49143,0.46348,0.48765,0.3878,0.49143,0.49143,0.49143
45,0,0.46786,0.46232,0.47665,0.4174,0.46786,0.46786,0.46786
45,1,0.50071,0.69819,0.50841,0.35008,0.50071,0.50071,0.50071
45,2,0.45107,0.45071,0.45078,0.45068,0.45107,0.45107,0.45107
45,3,0.49464,0.42966,0.49781,0.33589,0.49464,0.49464,0.49464
45,4,0.51357,0.58584,0.50849,0.36795,0.51357,0.51357,0.51357
45,5,0.47786,0.47322,0.47499,0.46742,0.47786,0.47786,0.47786
45,6,0.46071,0.45766,0.46158,0.44842,0.46071,0.46071,0.46071
45,7,0.47964,0.45344,0.4813,0.38929,0.47964,0.47964,0.47964
45,8,0.49857,0.41604,0.49964,0.33333,0.49857,0.49857,0.49857
45,9,0.50143,0.61405,0.50595,0.35043,0.50143,0.50143,0.50143
46,0,0.5125,0.4524,0.49845,0.34466,0.5125,0.5125,0.5125
46,1,0.48,0.43245,0.47384,0.38137,0.48,0.48,0.48
46,2,0.515,0.62519,0.50809,0.36117,0.515,0.515,0.515
46,3,0.49536,0.44802,0.49853,0.33621,0.49536,0.49536,0.49536
46,4,0.47643,0.46314,0.47357,0.43479,0.47643,0.47643,0.47643
46,5,0.47071,0.41201,0.48047,0.35065,0.47071,0.47071,0.47071
46,6,0.49036,0.41894,0.49309,0.34158,0.49036,0.49036,0.49036
46,7,0.47571,0.46748,0.47686,0.43565,0.47571,0.47571,0.47571
46,8,0.51143,0.65743,0.51039,0.36173,0.51143,0.51143,0.51143
46,9,0.50214,0.46449,0.49766,0.34664,0.50214,0.50214,0.50214
47,0,0.49964,0.66151,0.51334,0.36188,0.49964,0.49964,0.49964
47,1,0.50821,0.55403,0.50039,0.3389,0.50821,0.50821,0.50821
47,2,0.49286,0.24643,0.5,0.33014,0.49286,0.49286,0.49286
47,3,0.49036,0.46489,0.48776,0.3893,0.49036,0.49036,0.49036
47,4,0.50643,0.50828,0.50163,0.37859,0.50643,0.50643,0.50643
47,5,0.46679,0.46723,0.46729,0.4667,0.46679,0.46679,0.46679
47,6,0.51357,0.68274,0.5108,0.36164,0.51357,0.51357,0.51357
47,7,0.46107,0.45358,0.46026,0.44049,0.46107,0.46107,0.46107
47,8,0.49929,0.52733,0.50035,0.33616,0.49929,0.49929,0.49929
47,9,0.50143,0.61405,0.50595,0.35043,0.50143,0.50143,0.50143
48,0,0.5025,0.45565,0.48993,0.37339,0.5025,0.5025,0.5025
48,1,0.50857,0.56662,0.50076,0.34034,0.50857,0.50857,0.50857
48,2,0.51393,0.63372,0.50698,0.35708,0.51393,0.51393,0.51393
48,3,0.49643,0.2483,0.49964,0.33174,0.49643,0.49643,0.49643
48,4,0.49464,0.24732,0.5,0.33094,0.49464,0.49464,0.49464
48,5,0.505,0.4842,0.4956,0.389,0.505,0.505,0.505
48,6,0.49714,0.49857,0.49999,0.33332,0.49714,0.49714,0.49714
48,7,0.51214,0.63825,0.51008,0.36324,0.51214,0.51214,0.51214
48,8,0.49857,0.24937,0.49964,0.3327,0.49857,0.49857,0.49857
48,9,0.50464,0.25232,0.5,0.33539,0.50464,0.50464,0.50464
49,0,0.49964,0.69525,0.51344,0.35915,0.49964,0.49964,0.49964
49,1,0.43964,0.43973,0.44055,0.43818,0.43964,0.43964,0.43964
49,2,0.51571,0.56974,0.50905,0.3757,0.51571,0.51571,0.51571
49,3,0.51393,0.62535,0.51086,0.36756,0.51393,0.51393,0.51393
49,4,0.48321,0.45459,0.47926,0.39921,0.48321,0.48321,0.48321
49,5,0.52214,0.62418,0.51161,0.37346,0.52214,0.52214,0.52214
49,6,0.49036,0.42989,0.49307,0.34444,0.49036,0.49036,0.49036
49,7,0.49214,0.44029,0.49418,0.34589,0.49214,0.49214,0.49214
49,8,0.49536,0.47821,0.49443,0.37924,0.49536,0.49536,0.49536
49,9,0.50464,0.25232,0.5,0.33539,0.50464,0.50464,0.50464
50,0,0.46571,0.46594,0.47145,0.44632,0.46571,0.46571,0.46571
50,1,0.4575,0.45786,0.45827,0.45655,0.4575,0.4575,0.4575
50,2,0.51571,0.64217,0.5088,0.36152,0.51571,0.51571,0.51571
50,3,0.49679,0.24839,0.5,0.3319,0.49679,0.49679,0.49679
50,4,0.47464,0.47392,0.47414,0.47323,0.47464,0.47464,0.47464
50,5,0.45821,0.456,0.46243,0.44,0.45821,0.45821,0.45821
50,6,0.51286,0.644,0.5101,0.36302,0.51286,0.51286,0.51286
50,7,0.47036,0.4639,0.47133,0.44221,0.47036,0.47036,0.47036
50,8,0.51107,0.61977,0.51005,0.36498,0.51107,0.51107,0.51107
50,9,0.49821,0.52866,0.50264,0.35455,0.49821,0.49821,0.49821
51,0,0.46571,0.46594,0.47145,0.44632,0.46571,0.46571,0.46571
51,1,0.4575,0.45786,0.45827,0.45655,0.4575,0.4575,0.4575
51,2,0.51571,0.64217,0.5088,0.36152,0.51571,0.51571,0.51571
51,3,0.49679,0.24839,0.5,0.3319,0.49679,0.49679,0.49679
51,4,0.47464,0.47392,0.47414,0.47323,0.47464,0.47464,0.47464
51,5,0.45821,0.456,0.46243,0.44,0.45821,0.45821,0.45821
51,6,0.51286,0.644,0.5101,0.36302,0.51286,0.51286,0.51286
51,7,0.47036,0.4639,0.47133,0.44221,0.47036,0.47036,0.47036
51,8,0.51107,0.61977,0.51005,0.36498,0.51107,0.51107,0.51107
51,9,0.49821,0.52866,0.50264,0.35455,0.49821,0.49821,0.49821
