round,client,accuracy,macro_precision,macro_recall,macro_f1,micro_precision,micro_recall,micro_f1,spd_age,eod_age,spd_gender,eod_gender,p_pred_pos_age_priv,p_pred_pos_age_unpriv,tpr_age_priv,tpr_age_unpriv,p_pred_pos_gender_priv,p_pred_pos_gender_unpriv,tpr_gender_priv,tpr_gender_unpriv
1,0,0.49336,0.49308,0.49359,0.48396,0.49336,0.49336,0.49336,-0.67204,-0.69229,-0.12496,-0.14075,0.83263,0.16059,0.8946,0.20232,0.4457,0.32074,0.44919,0.30844
1,1,0.50007,0.5001,0.5001,0.49999,0.50007,0.50007,0.50007,-0.63635,-0.62156,-0.12929,-0.15196,0.92975,0.2934,0.96825,0.3467,0.57052,0.44123,0.58496,0.433
1,2,0.4945,0.49411,0.49479,0.47957,0.4945,0.4945,0.4945,-0.66225,-0.69174,-0.11763,-0.1337,0.79137,0.12912,0.86095,0.16921,0.40649,0.28886,0.41138,0.27768
1,3,0.49771,0.49737,0.49751,0.49071,0.49771,0.49771,0.49771,-0.51413,-0.47905,-0.1207,-0.1526,0.97478,0.46065,0.9854,0.50635,0.69513,0.57443,0.71301,0.56041
1,4,0.49271,0.49273,0.49279,0.49165,0.49271,0.49271,0.49271,-0.66093,-0.66114,-0.13445,-0.15505,0.91396,0.25302,0.95873,0.29759,0.54096,0.40651,0.54675,0.3917
1,5,0.49993,0.50014,0.50013,0.49281,0.49993,0.49993,0.49993,-0.6647,-0.68233,-0.1237,-0.14045,0.84394,0.17924,0.90984,0.22752,0.4613,0.33761,0.47195,0.3315
1,6,0.49907,0.49928,0.49937,0.48392,0.49907,0.49907,0.49907,-0.65024,-0.6827,-0.11534,-0.13163,0.781,0.13076,0.85651,0.17381,0.403,0.28765,0.4126,0.28098
1,7,0.49521,0.49501,0.49548,0.4832,0.49521,0.49521,0.49521,-0.66952,-0.69368,-0.12074,-0.13862,0.8133,0.14378,0.88,0.18632,0.42537,0.30463,0.43211,0.2935
1,8,0.49314,0.49284,0.49338,0.48355,0.49314,0.49314,0.49314,-0.67128,-0.69185,-0.1239,-0.13878,0.83074,0.15946,0.8927,0.20085,0.44365,0.31975,0.44634,0.30756
1,9,0.497,0.49658,0.49679,0.48922,0.497,0.497,0.497,-0.50667,-0.47288,-0.12041,-0.15114,0.97572,0.46905,0.98603,0.51315,0.70109,0.58068,0.71748,0.56634
2,0,0.49393,0.49374,0.49383,0.49216,0.49393,0.49393,0.49393,-0.57972,-0.5556,-0.13316,-0.16215,0.96228,0.38256,0.98286,0.42726,0.64504,0.51189,0.65732,0.49517
2,1,0.49621,0.49621,0.49641,0.48976,0.49621,0.49621,0.49621,-0.67334,-0.68839,-0.1252,-0.14445,0.85596,0.18262,0.91683,0.22843,0.46828,0.34308,0.47683,0.33238
2,2,0.49414,0.49253,0.49379,0.47163,0.49414,0.49414,0.49414,-0.40653,-0.37871,-0.10836,-0.1356,0.98892,0.58239,0.99302,0.61431,0.77623,0.66787,0.7874,0.6518
2,3,0.49486,0.49489,0.49495,0.49338,0.49486,0.49486,0.49486,-0.6601,-0.65986,-0.13371,-0.15238,0.90523,0.24513,0.95175,0.29189,0.53233,0.39862,0.53902,0.38664
2,4,0.49586,0.49583,0.49583,0.49575,0.49586,0.49586,0.49586,-0.618,-0.6004,-0.1357,-0.16353,0.9446,0.3266,0.97524,0.37484,0.60234,0.46664,0.61585,0.45233
2,5,0.49436,0.49419,0.49426,0.4927,0.49436,0.49436,0.49436,-0.5807,-0.5558,-0.13412,-0.16247,0.9611,0.38041,0.98159,0.42579,0.64381,0.50969,0.6561,0.49363
2,6,0.49671,0.49663,0.497,0.4828,0.49671,0.49671,0.49671,-0.65896,-0.68445,-0.11665,-0.13396,0.79444,0.13548,0.86286,0.17841,0.41121,0.29456,0.41911,0.28515
2,7,0.49543,0.4945,0.49514,0.48028,0.49543,0.49543,0.49543,-0.45066,-0.41894,-0.11307,-0.14346,0.98397,0.53331,0.98984,0.5709,0.74358,0.63052,0.75813,0.61467
2,8,0.49457,0.4946,0.49465,0.49347,0.49457,0.49457,0.49457,-0.65641,-0.65576,-0.13325,-0.15351,0.90995,0.25354,0.95556,0.2998,0.53931,0.40607,0.54675,0.39323
2,9,0.496,0.49602,0.49616,0.49155,0.496,0.496,0.496,-0.66986,-0.67822,-0.12891,-0.14698,0.87247,0.2026,0.92762,0.2494,0.48963,0.36072,0.49715,0.35018
3,0,0.4945,0.49387,0.49428,0.48582,0.4945,0.4945,0.4945,-0.49903,-0.46773,-0.11926,-0.15312,0.9769,0.47786,0.98603,0.5183,0.70684,0.58758,0.72276,0.56964
3,1,0.49843,0.49637,0.49788,0.43995,0.49843,0.49843,0.49843,-0.24719,-0.2262,-0.0786,-0.09605,0.99458,0.74739,0.99556,0.76936,0.87354,0.79494,0.88252,0.78647
3,2,0.49507,0.49217,0.49459,0.45238,0.49507,0.49507,0.49507,-0.30853,-0.28626,-0.09339,-0.11805,0.9934,0.68487,0.99492,0.70866,0.83925,0.74586,0.84959,0.73155
3,3,0.49407,0.49408,0.49419,0.49183,0.49407,0.49407,0.49407,-0.65788,-0.66122,-0.13472,-0.15193,0.89132,0.23345,0.93968,0.27846,0.52063,0.38591,0.52561,0.37368
3,4,0.49429,0.49432,0.49436,0.49336,0.49429,0.49429,0.49429,-0.65101,-0.64934,-0.13498,-0.15657,0.91018,0.25917,0.95429,0.30495,0.54445,0.40946,0.55244,0.39587
3,5,0.50093,0.50073,0.50019,0.38841,0.50093,0.50093,0.50093,-0.09982,-0.08924,-0.04041,-0.04913,0.99764,0.89783,0.99746,0.90822,0.95442,0.91401,0.96016,0.91103
3,6,0.49557,0.49557,0.49574,0.49062,0.49557,0.49557,0.49557,-0.66418,-0.67292,-0.12997,-0.14844,0.86351,0.19932,0.9181,0.24517,0.48532,0.35535,0.49268,0.34424
3,7,0.49471,0.49327,0.49437,0.47306,0.49471,0.49471,0.49471,-0.40949,-0.38193,-0.10996,-0.13918,0.98727,0.57778,0.99238,0.61045,0.77356,0.6636,0.78659,0.64741
3,8,0.49736,0.49732,0.49766,0.48087,0.49736,0.49736,0.49736,-0.64959,-0.688,-0.11515,-0.12978,0.77369,0.1241,0.85206,0.16406,0.39602,0.28086,0.40285,0.27307
3,9,0.49786,0.49685,0.49748,0.47147,0.49786,0.49786,0.49786,-0.38315,-0.35286,-0.10086,-0.12754,0.98963,0.60648,0.99365,0.64079,0.78834,0.68748,0.80285,0.67531
4,0,0.49571,0.49295,0.49523,0.45108,0.49571,0.49571,0.49571,-0.29934,-0.2778,-0.09374,-0.11859,0.99293,0.69358,0.99492,0.71712,0.84541,0.75167,0.8565,0.73792
4,1,0.49793,0.49802,0.49811,0.49203,0.49793,0.49793,0.49793,-0.65846,-0.67193,-0.12647,-0.14208,0.85031,0.19184,0.91048,0.23855,0.47382,0.34735,0.48171,0.33963
4,2,0.50121,0.50116,0.50115,0.50051,0.50121,0.50121,0.50121,-0.58848,-0.56726,-0.13359,-0.15823,0.94696,0.35848,0.97778,0.41052,0.6239,0.49031,0.64065,0.48243
4,3,0.4975,0.49741,0.49785,0.47541,0.4975,0.4975,0.4975,-0.6288,-0.68655,-0.10902,-0.12098,0.7322,0.1034,0.82413,0.13758,0.36502,0.256,0.37033,0.24934
4,4,0.4965,0.49537,0.49615,0.47414,0.4965,0.4965,0.4965,-0.40413,-0.37513,-0.10679,-0.13543,0.98703,0.58291,0.99238,0.61725,0.77499,0.6682,0.78943,0.654
4,5,0.49629,0.49628,0.49649,0.48947,0.49629,0.49629,0.49629,-0.66016,-0.67669,-0.12582,-0.14343,0.84371,0.18354,0.90476,0.22807,0.46561,0.3398,0.47317,0.32975
4,6,0.49793,0.49724,0.49761,0.48021,0.49793,0.49793,0.49793,-0.43068,-0.39697,-0.10997,-0.14073,0.98397,0.55329,0.98921,0.59224,0.75549,0.64553,0.77276,0.63203
4,7,0.49657,0.49588,0.4963,0.48335,0.49657,0.49657,0.49657,-0.4613,-0.42799,-0.11155,-0.14315,0.98067,0.51937,0.9873,0.55932,0.73188,0.62033,0.74837,0.60523
4,8,0.49779,0.49783,0.49784,0.49727,0.49779,0.49779,0.49779,-0.63676,-0.63195,-0.12968,-0.15048,0.91089,0.27413,0.95492,0.32297,0.55163,0.42195,0.5626,0.41213
4,9,0.49821,0.49826,0.49827,0.4977,0.49821,0.49821,0.49821,-0.63655,-0.63121,-0.12883,-0.14897,0.91089,0.27434,0.95492,0.32371,0.55122,0.42239,0.5622,0.41322
5,0,0.50136,0.50144,0.50143,0.50054,0.50136,0.50136,0.50136,-0.63363,-0.63083,-0.12623,-0.14605,0.90028,0.26665,0.94921,0.31837,0.54096,0.41472,0.55488,0.40883
5,1,0.50164,0.5022,0.50194,0.48662,0.50164,0.50164,0.50164,-0.63427,-0.67247,-0.11365,-0.12848,0.77016,0.13589,0.85143,0.17896,0.40218,0.28853,0.41341,0.28493
5,2,0.50143,0.50199,0.50173,0.4852,0.50143,0.50143,0.50143,-0.63108,-0.67211,-0.11385,-0.13004,0.76143,0.13035,0.84444,0.17234,0.39581,0.28196,0.40772,0.27768
5,3,0.4985,0.49734,0.49805,0.46199,0.4985,0.4985,0.4985,-0.33165,-0.3043,-0.09438,-0.11901,0.99081,0.65915,0.99365,0.68935,0.82119,0.7268,0.83496,0.71595
5,4,0.50193,0.50305,0.50234,0.47135,0.50193,0.50193,0.50193,-0.57424,-0.64112,-0.09765,-0.10519,0.65889,0.08465,0.7581,0.11698,0.32232,0.22467,0.32927,0.22408
5,5,0.499,0.49866,0.49876,0.48903,0.499,0.499,0.499,-0.47992,-0.4477,-0.11307,-0.14243,0.97336,0.49344,0.98476,0.53706,0.71258,0.59952,0.73008,0.58765
5,6,0.49993,0.49955,0.49961,0.48228,0.49993,0.49993,0.49993,-0.42797,-0.39357,-0.10839,-0.13703,0.98208,0.55411,0.98857,0.595,0.75447,0.64607,0.77236,0.63533
5,7,0.50036,0.50049,0.50048,0.49795,0.50036,0.50036,0.50036,-0.64134,-0.64534,-0.12966,-0.14791,0.87694,0.2356,0.93079,0.28545,0.51447,0.38482,0.52642,0.37851
5,8,0.50321,0.50316,0.50313,0.50189,0.50321,0.50321,0.50321,-0.57131,-0.54766,-0.12997,-0.15576,0.94884,0.37754,0.97841,0.43075,0.63539,0.50542,0.65488,0.49912
5,9,0.49879,0.49894,0.49902,0.48909,0.49879,0.49879,0.49879,-0.64739,-0.67178,-0.11927,-0.13367,0.81259,0.1652,0.88127,0.20949,0.43913,0.31986,0.44715,0.31349
6,0,0.50643,0.50653,0.50649,0.50578,0.50643,0.50643,0.50643,-0.62082,-0.61724,-0.12292,-0.14241,0.89557,0.27475,0.94794,0.3307,0.54301,0.42009,0.56179,0.41938
6,1,0.50236,0.53152,0.50152,0.34626,0.50236,0.50236,0.50236,-0.01516,-0.01216,-0.00614,-0.0052,0.99835,0.98319,0.99873,0.98657,0.99179,0.98565,0.99268,0.98748
6,2,0.50729,0.50731,0.5073,0.50725,0.50729,0.50729,0.50729,-0.60535,-0.59247,-0.12358,-0.14673,0.91207,0.30672,0.95683,0.36436,0.57072,0.44715,0.59268,0.44596
6,3,0.50293,0.50403,0.50238,0.44597,0.50293,0.50293,0.50293,-0.24773,-0.22198,-0.07802,-0.0936,0.99246,0.74472,0.99429,0.7723,0.87066,0.79264,0.88293,0.78932
6,4,0.5015,0.50137,0.50127,0.49222,0.5015,0.5015,0.5015,-0.48333,-0.45028,-0.10958,-0.14049,0.97124,0.48791,0.98476,0.53449,0.70581,0.59623,0.72683,0.58634
6,5,0.50207,0.50217,0.50165,0.47033,0.50207,0.50207,0.50207,-0.35014,-0.31911,-0.09203,-0.11514,0.98798,0.63784,0.99302,0.6739,0.80394,0.71191,0.82033,0.70518
6,6,0.5075,0.50748,0.50744,0.50678,0.5075,0.5075,0.5075,-0.57312,-0.55106,-0.12453,-0.14956,0.93682,0.3637,0.97206,0.421,0.61856,0.49403,0.64187,0.49231
6,7,0.50721,0.50719,0.50718,0.50705,0.50721,0.50721,0.50721,-0.58896,-0.57308,-0.12907,-0.15258,0.92786,0.3389,0.96889,0.39581,0.60152,0.47245,0.62358,0.471
6,8,0.50414,0.50448,0.50381,0.48487,0.50414,0.50414,0.50414,-0.41266,-0.37684,-0.10279,-0.12957,0.9802,0.56753,0.98857,0.61173,0.7596,0.65681,0.78049,0.65092
6,9,0.50586,0.50588,0.50571,0.50236,0.50586,0.50586,0.50586,-0.53334,-0.50587,-0.12411,-0.14952,0.95474,0.4214,0.98095,0.47508,0.66393,0.53982,0.68577,0.53625
7,0,0.51186,0.51358,0.51214,0.4987,0.51186,0.51186,0.51186,-0.60941,-0.64846,-0.11044,-0.12388,0.7619,0.15249,0.85206,0.2036,0.40916,0.29872,0.42967,0.3058
7,1,0.51,0.51057,0.51017,0.50536,0.51,0.51,0.51,-0.61979,-0.63167,-0.11916,-0.13676,0.83428,0.21449,0.90222,0.27055,0.47998,0.36083,0.50122,0.36446
7,2,0.50864,0.5096,0.50833,0.49174,0.50864,0.50864,0.50864,-0.42246,-0.38284,-0.0971,-0.12527,0.97595,0.55349,0.98667,0.60383,0.74482,0.64772,0.77114,0.64587
7,3,0.50343,0.51391,0.50266,0.37694,0.50343,0.50343,0.50343,-0.06775,-0.05734,-0.02517,-0.02516,0.99694,0.92919,0.99683,0.93949,0.96613,0.94096,0.9687,0.94354
7,4,0.50686,0.50973,0.50729,0.47406,0.50686,0.50686,0.50686,-0.54451,-0.62125,-0.09005,-0.09801,0.62895,0.08444,0.73841,0.11716,0.30815,0.2181,0.32033,0.22232
7,5,0.50721,0.51181,0.50772,0.46081,0.50721,0.50721,0.50721,-0.49314,-0.5951,-0.08142,-0.08504,0.5495,0.05636,0.67492,0.07982,0.25888,0.17746,0.2687,0.18366
7,6,0.506,0.50786,0.50553,0.46622,0.506,0.506,0.506,-0.31,-0.27691,-0.0856,-0.10454,0.98821,0.67821,0.99238,0.71547,0.82796,0.74236,0.84553,0.74099
7,7,0.50771,0.5088,0.50737,0.48665,0.50771,0.50771,0.50771,-0.39819,-0.36047,-0.09758,-0.12191,0.97926,0.58106,0.98857,0.6281,0.76535,0.66776,0.78821,0.6663
7,8,0.50857,0.51321,0.50905,0.46686,0.50857,0.50857,0.50857,-0.5084,-0.60526,-0.0838,-0.0889,0.57379,0.06538,0.69778,0.09251,0.27407,0.19027,0.28618,0.19728
7,9,0.5125,0.51254,0.51242,0.5113,0.5125,0.5125,0.5125,-0.55368,-0.52909,-0.11991,-0.14371,0.9347,0.38102,0.97143,0.44234,0.62698,0.50707,0.65447,0.51076
8,0,0.50329,0.53163,0.50246,0.35377,0.50329,0.50329,0.50329,-0.02409,-0.01834,-0.00873,-0.00802,0.99694,0.97284,0.99683,0.97848,0.98583,0.97711,0.9878,0.97979
8,1,0.51957,0.51962,0.51951,0.51887,0.51957,0.51957,0.51957,-0.54664,-0.52642,-0.11403,-0.13652,0.91843,0.3718,0.96508,0.43866,0.61178,0.49775,0.64553,0.50901
8,2,0.51314,0.51862,0.51359,0.47814,0.51314,0.51314,0.51314,-0.51352,-0.60464,-0.08509,-0.0926,0.59807,0.08455,0.72254,0.1179,0.29563,0.21054,0.31382,0.22122
8,3,0.51157,0.51509,0.51113,0.47707,0.51157,0.51157,0.51157,-0.32707,-0.28889,-0.08328,-0.10388,0.98397,0.6569,0.99111,0.70223,0.81031,0.72702,0.83455,0.73067
8,4,0.51586,0.51778,0.51612,0.50441,0.51586,0.51586,0.51586,-0.59507,-0.63371,-0.1077,-0.11988,0.7619,0.16684,0.8546,0.22089,0.41737,0.30967,0.44106,0.32118
8,5,0.50829,0.51474,0.50769,0.44116,0.50829,0.50829,0.50829,-0.20884,-0.18089,-0.0603,-0.06929,0.99128,0.78243,0.99365,0.81276,0.88503,0.82473,0.89837,0.82909
8,6,0.51779,0.52094,0.5181,0.50104,0.51779,0.51779,0.51779,-0.57762,-0.63047,-0.09984,-0.11169,0.71853,0.14091,0.82286,0.19239,0.38103,0.28119,0.4065,0.29482
8,7,0.51514,0.52008,0.51555,0.48636,0.51514,0.51514,0.51514,-0.536,-0.61514,-0.0909,-0.10222,0.63602,0.10002,0.75492,0.13978,0.3217,0.2308,0.34431,0.24209
8,8,0.51729,0.52093,0.51763,0.49765,0.51729,0.51729,0.51729,-0.56866,-0.62931,-0.09657,-0.11033,0.69778,0.12912,0.80698,0.17767,0.3644,0.26783,0.39065,0.28032
8,9,0.51771,0.5201,0.51799,0.50488,0.51771,0.51771,0.51771,-0.5887,-0.63226,-0.10639,-0.11897,0.74847,0.15977,0.84635,0.21409,0.40751,0.30113,0.43333,0.31437
9,0,0.52664,0.52694,0.52654,0.52484,0.52664,0.52664,0.52664,-0.51482,-0.48888,-0.10403,-0.12918,0.91961,0.4048,0.96635,0.47747,0.62862,0.52459,0.67114,0.54196
9,1,0.519,0.52091,0.51872,0.50592,0.519,0.519,0.519,-0.42798,-0.38743,-0.0885,-0.1145,0.96016,0.53218,0.98095,0.59353,0.71956,0.63107,0.75488,0.64038
9,2,0.52193,0.52805,0.52232,0.49638,0.52193,0.52193,0.52193,-0.52018,-0.59978,-0.08932,-0.1004,0.63649,0.11631,0.76127,0.16149,0.33217,0.24285,0.36138,0.26098
9,3,0.51893,0.52068,0.51866,0.50676,0.51893,0.51893,0.51893,-0.43371,-0.3956,-0.09274,-0.11703,0.95851,0.5248,0.98159,0.58598,0.71669,0.62395,0.75081,0.63379
9,4,0.50721,0.51837,0.50653,0.41203,0.50721,0.50721,0.50721,-0.13151,-0.11126,-0.03803,-0.04777,0.99316,0.86165,0.99429,0.88302,0.9263,0.88827,0.93902,0.89126
9,5,0.51336,0.61919,0.51416,0.3765,0.51336,0.51336,0.51336,-0.08693,-0.17152,-0.02322,-0.03622,0.09123,0.0043,0.17778,0.00625,0.04578,0.02257,0.06829,0.03207
9,6,0.52079,0.56947,0.5215,0.42129,0.52079,0.52079,0.52079,-0.21698,-0.34482,-0.04924,-0.06158,0.23574,0.01875,0.37333,0.02851,0.11661,0.06737,0.14593,0.08436
9,7,0.52414,0.52505,0.52396,0.51887,0.52414,0.52414,0.52414,-0.47737,-0.44811,-0.09779,-0.11751,0.93659,0.45921,0.97524,0.52713,0.66762,0.56983,0.70407,0.58656
9,8,0.52286,0.54046,0.52341,0.467,0.52286,0.52286,0.52286,-0.39025,-0.51414,-0.06532,-0.06697,0.44743,0.05718,0.59746,0.08332,0.21803,0.1527,0.24228,0.17531
9,9,0.52471,0.52564,0.52454,0.51944,0.52471,0.52471,0.52471,-0.47704,-0.44737,-0.09779,-0.11788,0.93635,0.45932,0.97524,0.52786,0.66762,0.56983,0.70488,0.58699
10,0,0.536,0.53606,0.53595,0.53565,0.536,0.536,0.536,-0.51838,-0.49941,-0.09583,-0.11396,0.88802,0.36965,0.94984,0.45043,0.5892,0.49337,0.63659,0.52263
10,1,0.51864,0.5302,0.5181,0.46473,0.51864,0.51864,0.51864,-0.23858,-0.20107,-0.05788,-0.06886,0.98279,0.74421,0.99048,0.78941,0.85424,0.79636,0.87927,0.81041
10,2,0.50829,0.53288,0.50753,0.39033,0.50829,0.50829,0.50829,-0.07872,-0.06324,-0.02145,-0.02289,0.99387,0.91515,0.99556,0.93232,0.95299,0.93154,0.96138,0.93849
10,3,0.51664,0.53054,0.51605,0.45125,0.51664,0.51664,0.51664,-0.20267,-0.1686,-0.05231,-0.05727,0.98562,0.78295,0.99111,0.82251,0.87846,0.82616,0.89756,0.84029
10,4,0.53514,0.53729,0.53534,0.52907,0.53514,0.53514,0.53514,-0.55109,-0.58151,-0.09788,-0.11316,0.76968,0.21859,0.87175,0.29023,0.44939,0.35152,0.49431,0.38115
10,5,0.51086,0.5294,0.51016,0.41472,0.51086,0.51086,0.51086,-0.12494,-0.1028,-0.03228,-0.03829,0.99151,0.86657,0.99429,0.89148,0.92548,0.8932,0.93943,0.90114
10,6,0.50107,0.51048,0.50022,0.33871,0.50107,0.50107,0.50107,-0.00363,-0.00335,-0.00129,0.00023,0.99717,0.99354,0.99746,0.99411,0.99548,0.99419,0.99472,0.99495
10,7,0.53871,0.53872,0.53872,0.53871,0.53871,0.53871,0.53871,-0.52849,-0.52008,-0.09278,-0.11152,0.86422,0.33572,0.93778,0.41769,0.55635,0.46358,0.60691,0.49539
10,8,0.52307,0.59951,0.52382,0.41163,0.52307,0.52307,0.52307,-0.15518,-0.27666,-0.03419,-0.04962,0.17209,0.01691,0.30222,0.02557,0.08622,0.05203,0.11992,0.0703
10,9,0.53414,0.53672,0.53436,0.52664,0.53414,0.53414,0.53414,-0.54809,-0.58306,-0.09531,-0.11042,0.7553,0.20721,0.85968,0.27662,0.43543,0.34012,0.47927,0.36885
11,0,0.53514,0.53926,0.53486,0.52159,0.53514,0.53514,0.53514,-0.39192,-0.35374,-0.07523,-0.10052,0.94059,0.54868,0.97651,0.62277,0.71649,0.64125,0.76748,0.66696
11,1,0.54421,0.54544,0.54407,0.54067,0.54421,0.54421,0.54421,-0.45093,-0.42277,-0.08062,-0.09953,0.90123,0.4503,0.95873,0.53596,0.6395,0.55888,0.69553,0.596
11,2,0.54164,0.5826,0.54224,0.47822,0.54164,0.54164,0.54164,-0.29512,-0.45409,-0.04625,-0.05074,0.3562,0.06108,0.54476,0.09068,0.18066,0.13441,0.22561,0.17487
11,3,0.538,0.5424,0.53772,0.52475,0.538,0.538,0.538,-0.38666,-0.34762,-0.07469,-0.09623,0.93564,0.54899,0.97333,0.62571,0.71484,0.64016,0.76626,0.67004
11,4,0.52679,0.53804,0.52631,0.487,0.52679,0.52679,0.52679,-0.27843,-0.23652,-0.05796,-0.07038,0.97171,0.69328,0.9873,0.75078,0.81544,0.75748,0.84959,0.77922
11,5,0.54521,0.5502,0.54548,0.53439,0.54521,0.54521,0.54521,-0.5021,-0.55971,-0.08044,-0.09366,0.69661,0.19451,0.82603,0.26632,0.3991,0.31865,0.45285,0.35918
11,6,0.54236,0.5511,0.5427,0.52293,0.54236,0.54236,0.54236,-0.48048,-0.56215,-0.07795,-0.08555,0.63225,0.15177,0.77587,0.21372,0.34818,0.27024,0.39553,0.30997
11,7,0.54743,0.55095,0.54765,0.54008,0.54743,0.54743,0.54743,-0.50596,-0.54868,-0.08076,-0.09462,0.72537,0.21941,0.84571,0.29704,0.42537,0.34462,0.48171,0.38708
11,8,0.54264,0.55922,0.54309,0.50946,0.54264,0.54264,0.54264,-0.4207,-0.54675,-0.07382,-0.0827,0.5323,0.1116,0.70603,0.15928,0.28721,0.21339,0.33577,0.25308
11,9,0.50907,0.54271,0.5083,0.38466,0.50907,0.50907,0.50907,-0.06401,-0.04881,-0.014,-0.0129,0.9934,0.92939,0.99492,0.94611,0.95791,0.94392,0.96545,0.95255
12,0,0.55036,0.57724,0.55086,0.50865,0.55036,0.55036,0.55036,-0.3516,-0.49931,-0.04908,-0.05507,0.45285,0.10125,0.64571,0.1464,0.23979,0.19071,0.29431,0.23924
12,1,0.51529,0.54728,0.51457,0.41343,0.51529,0.51529,0.51529,-0.10043,-0.07829,-0.0242,-0.0258,0.98586,0.88543,0.99111,0.91282,0.93164,0.90744,0.94715,0.92135
12,2,0.53029,0.54929,0.52975,0.47828,0.53029,0.53029,0.53029,-0.21929,-0.18246,-0.04245,-0.04909,0.9677,0.74841,0.98603,0.80357,0.84254,0.80009,0.87642,0.82733
12,3,0.51329,0.54968,0.51254,0.40088,0.51329,0.51329,0.51329,-0.08193,-0.06135,-0.01884,-0.01802,0.98939,0.90746,0.99238,0.93103,0.94457,0.92573,0.9565,0.93849
12,4,0.55364,0.5705,0.55406,0.52621,0.55364,0.55364,0.55364,-0.40161,-0.52313,-0.06953,-0.07974,0.53843,0.13681,0.7181,0.19496,0.30384,0.23431,0.36423,0.28449
12,5,0.538,0.60999,0.53869,0.4491,0.538,0.538,0.538,-0.1937,-0.34696,-0.0313,-0.04591,0.23244,0.03874,0.40508,0.05812,0.11784,0.08654,0.16585,0.11995
12,6,0.513,0.54615,0.51227,0.40298,0.513,0.513,0.513,-0.08679,-0.06669,-0.02098,-0.02188,0.98892,0.90213,0.99238,0.92569,0.94211,0.92113,0.95488,0.933
12,7,0.55007,0.55431,0.54983,0.54048,0.55007,0.55007,0.55007,-0.38579,-0.35286,-0.06858,-0.08721,0.91254,0.52675,0.96698,0.61413,0.68836,0.61978,0.75,0.66279
12,8,0.55264,0.55426,0.55249,0.54889,0.55264,0.55264,0.55264,-0.42741,-0.3985,-0.0697,-0.08693,0.88826,0.46085,0.95175,0.55325,0.6358,0.56611,0.69919,0.61226
12,9,0.51371,0.54956,0.51298,0.40313,0.51371,0.51371,0.51371,-0.08413,-0.06348,-0.02048,-0.02028,0.98821,0.90408,0.99175,0.92827,0.94293,0.92244,0.95569,0.93541
13,0,0.52736,0.5544,0.52675,0.45816,0.52736,0.52736,0.52736,-0.1609,-0.13344,-0.02676,-0.03214,0.96865,0.80775,0.98667,0.85323,0.87395,0.84719,0.90407,0.87192
13,1,0.51793,0.56393,0.5172,0.4096,0.51793,0.51793,0.51793,-0.07865,-0.05908,-0.01642,-0.01385,0.98232,0.90367,0.99048,0.9314,0.93821,0.92179,0.95366,0.93981
13,2,0.50071,0.48952,0.49986,0.33643,0.50071,0.50071,0.50071,0.00036,-0.00032,-0.00032,0.00036,0.99646,0.99682,0.99683,0.99651,0.99692,0.9966,0.99634,0.9967
13,3,0.50493,0.66303,0.50577,0.34832,0.50493,0.50493,0.50493,-0.0227,-0.05066,-0.00394,-0.00743,0.02475,0.00205,0.05397,0.00331,0.0115,0.00756,0.01951,0.01208
13,4,0.56514,0.5913,0.5656,0.53245,0.56514,0.56514,0.56514,-0.33427,-0.48081,-0.04713,-0.0548,0.4677,0.13343,0.67302,0.1922,0.26545,0.21832,0.33577,0.28098
13,5,0.51064,0.56215,0.50986,0.37967,0.51064,0.51064,0.51064,-0.04615,-0.03328,-0.00675,-0.00409,0.99081,0.94466,0.99429,0.96101,0.96305,0.95629,0.97114,0.96705
13,6,0.52864,0.55518,0.52804,0.4622,0.52864,0.52864,0.52864,-0.16592,-0.13851,-0.02692,-0.03228,0.96629,0.80037,0.98603,0.84753,0.8682,0.84128,0.89959,0.86731
13,7,0.5745,0.57833,0.57469,0.56957,0.5745,0.5745,0.5745,-0.41798,-0.47252,-0.05768,-0.06706,0.6834,0.26542,0.83302,0.36049,0.42969,0.372,0.51016,0.4431
13,8,0.53679,0.56026,0.53624,0.48522,0.53679,0.53679,0.53679,-0.20362,-0.16899,-0.03274,-0.03914,0.95757,0.75395,0.98286,0.81387,0.83699,0.80425,0.87724,0.83809
13,9,0.57064,0.57072,0.57061,0.57045,0.57064,0.57064,0.57064,-0.42117,-0.41486,-0.05668,-0.07256,0.81377,0.3926,0.91238,0.49752,0.55718,0.50049,0.6378,0.56525
14,0,0.52536,0.56633,0.52468,0.43651,0.52536,0.52536,0.52536,-0.10324,-0.08324,-0.01402,-0.01547,0.96818,0.86493,0.9854,0.90215,0.90536,0.89134,0.93089,0.91542
14,1,0.51057,0.57623,0.50977,0.37353,0.51057,0.51057,0.51057,-0.02996,-0.02198,-0.00486,-0.00347,0.98774,0.95778,0.99365,0.97168,0.97003,0.96517,0.97886,0.9754
14,2,0.58957,0.60099,0.58986,0.57806,0.58957,0.58957,0.58957,-0.33794,-0.44354,-0.04222,-0.05178,0.56954,0.2316,0.76762,0.32408,0.36153,0.31931,0.45732,0.40554
14,3,0.58079,0.60019,0.58116,0.56006,0.58079,0.58079,0.58079,-0.31706,-0.43983,-0.03842,-0.04934,0.50306,0.186,0.70413,0.2643,0.30712,0.2687,0.39512,0.34578
14,4,0.56921,0.62031,0.56977,0.51896,0.56921,0.56921,0.56921,-0.23733,-0.41697,-0.02583,-0.03311,0.34135,0.10402,0.56889,0.15192,0.19277,0.16694,0.26707,0.23396
14,5,0.556,0.57435,0.55557,0.52586,0.556,0.556,0.556,-0.23981,-0.21237,-0.03353,-0.03968,0.91843,0.67862,0.97143,0.75906,0.77315,0.73962,0.83252,0.79284
14,6,0.57864,0.61552,0.57912,0.54286,0.57864,0.57864,0.57864,-0.26736,-0.43407,-0.02787,-0.03636,0.4057,0.13835,0.63492,0.20085,0.23753,0.20966,0.32195,0.28559
14,7,0.57064,0.6227,0.5712,0.52061,0.57064,0.57064,0.57064,-0.22935,-0.40757,-0.02435,-0.0332,0.33593,0.10658,0.56317,0.1556,0.19195,0.1676,0.2687,0.2355
14,8,0.55493,0.57372,0.55449,0.52366,0.55493,0.55493,0.55493,-0.23871,-0.21015,-0.03326,-0.04133,0.92174,0.68303,0.9727,0.76255,0.77705,0.74378,0.83659,0.79525
14,9,0.5905,0.59617,0.5907,0.58468,0.5905,0.5905,0.5905,-0.36518,-0.43779,-0.04477,-0.05104,0.63531,0.27014,0.81079,0.373,0.40998,0.36521,0.50447,0.45343
15,0,0.52057,0.68114,0.52138,0.38559,0.52057,0.52057,0.52057,-0.0321,-0.0839,-0.00686,-0.01293,0.05281,0.0207,0.11683,0.03292,0.0349,0.02804,0.06016,0.04723
15,1,0.60936,0.61966,0.60961,0.60108,0.60936,0.60936,0.60936,-0.28302,-0.38275,-0.02375,-0.03028,0.55233,0.26932,0.76127,0.37852,0.37056,0.34681,0.48415,0.45387
15,2,0.59879,0.59943,0.59871,0.59804,0.59879,0.59879,0.59879,-0.30721,-0.31082,-0.02147,-0.04094,0.75648,0.44927,0.8819,0.57109,0.55635,0.53489,0.66748,0.62654
15,3,0.56921,0.58514,0.56884,0.54738,0.56921,0.56921,0.56921,-0.23943,-0.21755,-0.01631,-0.02738,0.88567,0.64624,0.95619,0.73864,0.72942,0.71311,0.80528,0.7779
15,4,0.50343,0.56358,0.50259,0.34605,0.50343,0.50343,0.50343,-0.00596,-0.0042,-0.0035,-0.00122,0.99387,0.98791,0.99556,0.99136,0.99199,0.9885,0.99309,0.99187
15,5,0.57014,0.58596,0.56977,0.54872,0.57014,0.57014,0.57014,-0.24131,-0.21947,-0.01684,-0.02808,0.8852,0.64388,0.95683,0.73736,0.72798,0.71114,0.80488,0.7768
15,6,0.57286,0.58587,0.57252,0.55543,0.57286,0.57286,0.57286,-0.25797,-0.23581,-0.02116,-0.03252,0.87694,0.61898,0.95238,0.71657,0.71094,0.68978,0.79065,0.75813
15,7,0.60814,0.61319,0.60832,0.60395,0.60814,0.60814,0.60814,-0.29998,-0.38448,-0.02383,-0.03452,0.60537,0.30539,0.80254,0.41806,0.41183,0.38799,0.52683,0.49231
15,8,0.51314,0.58633,0.51235,0.37978,0.51314,0.51314,0.51314,-0.02623,-0.01972,-0.00344,-3e-05,0.98114,0.95491,0.99048,0.97076,0.9651,0.96166,0.9752,0.97518
15,9,0.57171,0.63993,0.57231,0.5132,0.57171,0.57171,0.57171,-0.17702,-0.35066,-0.01591,-0.0247,0.27581,0.09879,0.49651,0.14585,0.1628,0.14689,0.24065,0.21595
16,0,0.56907,0.65401,0.56971,0.50112,0.56907,0.56907,0.56907,-0.13909,-0.30505,-0.00517,-0.01117,0.22702,0.08793,0.43619,0.13114,0.13344,0.12827,0.20691,0.19574
16,1,0.56821,0.59541,0.56775,0.53424,0.56821,0.56821,0.56821,-0.16674,-0.158,-0.00036,-0.01149,0.88543,0.71869,0.95937,0.80136,0.76945,0.76909,0.84431,0.83282
16,2,0.62571,0.64305,0.62601,0.61434,0.62571,0.62571,0.62571,-0.20024,-0.33587,0.00438,-0.00192,0.467,0.26676,0.71365,0.37778,0.32457,0.32895,0.45447,0.45255
16,3,0.58493,0.65092,0.58549,0.53477,0.58493,0.58493,0.58493,-0.15204,-0.32475,-0.00664,-0.01184,0.27676,0.12472,0.50794,0.18319,0.17512,0.16847,0.26382,0.25198
16,4,0.50171,0.53815,0.50087,0.33987,0.50171,0.50171,0.50171,-0.0011,-0.00134,-0.00184,0.00067,0.99505,0.99395,0.99619,0.99485,0.99548,0.99365,0.99472,0.99539
16,5,0.51121,0.60351,0.5104,0.36874,0.51121,0.51121,0.51121,-0.00757,-0.0084,-0.00271,7e-05,0.97949,0.97192,0.99111,0.98271,0.97598,0.97327,0.98455,0.98462
16,6,0.62179,0.6258,0.62194,0.61892,0.62179,0.62179,0.62179,-0.24581,-0.33394,-0.00768,-0.02201,0.58369,0.33788,0.79302,0.45908,0.41737,0.40968,0.54837,0.52636
16,7,0.606,0.609,0.60585,0.60307,0.606,0.606,0.606,-0.25043,-0.25482,-0.00172,-0.02063,0.75955,0.50912,0.88825,0.63344,0.58612,0.5844,0.70407,0.68344
16,8,0.57671,0.5962,0.57632,0.55347,0.57671,0.57671,0.57671,-0.19781,-0.18958,-0.00422,-0.01718,0.86516,0.66735,0.95048,0.7609,0.73003,0.72582,0.81463,0.79745
16,9,0.50214,0.55075,0.5013,0.34106,0.50214,0.50214,0.50214,-0.00178,-0.00171,-0.00199,0.00023,0.99481,0.99303,0.99619,0.99448,0.99487,0.99288,0.99472,0.99495
17,0,0.61957,0.65585,0.61998,0.59652,0.61957,0.61957,0.61957,-0.1483,-0.31413,0.00949,0.00852,0.36351,0.21521,0.62349,0.30936,0.25395,0.26345,0.37439,0.38291
17,1,0.50836,0.6131,0.50753,0.35801,0.50836,0.50836,0.50836,0.00175,-0.00149,-0.00266,-0.00198,0.98185,0.9836,0.99175,0.99025,0.98481,0.98214,0.99187,0.98989
17,2,0.51957,0.61749,0.51879,0.39124,0.51957,0.51957,0.51957,-0.00337,-0.0075,0.00057,0.00283,0.96063,0.95727,0.98286,0.97535,0.95791,0.95848,0.9752,0.97803
17,3,0.62964,0.63022,0.62958,0.62917,0.62964,0.62964,0.62964,-0.19577,-0.23234,0.01531,-0.00491,0.67138,0.47561,0.84444,0.6121,0.52494,0.54026,0.66748,0.66257
17,4,0.63729,0.6411,0.63742,0.63496,0.63729,0.63729,0.63729,-0.18142,-0.27968,0.01522,-0.00443,0.54573,0.36432,0.77333,0.49365,0.40936,0.42458,0.55935,0.55492
17,5,0.64036,0.64354,0.64048,0.63848,0.64036,0.64036,0.64036,-0.16348,-0.26324,0.02055,0.001,0.54102,0.37754,0.77143,0.50818,0.41367,0.43422,0.56667,0.56766
17,6,0.5905,0.65886,0.59106,0.54188,0.5905,0.5905,0.5905,-0.13347,-0.30853,0.0058,0.00506,0.26638,0.13292,0.50349,0.19496,0.16958,0.17538,0.26098,0.26604
17,7,0.534,0.62053,0.53327,0.43051,0.534,0.534,0.534,-0.01432,-0.02632,0.00465,0.0083,0.93541,0.92109,0.97905,0.95273,0.9224,0.92705,0.95325,0.96156
17,8,0.50614,0.60455,0.50531,0.35177,0.50614,0.50614,0.50614,0.00083,-0.00156,-0.00209,-0.001,0.98656,0.98739,0.99365,0.99209,0.9885,0.98642,0.99309,0.99209
17,9,0.5225,0.68766,0.5233,0.38926,0.5225,0.5225,0.5225,-0.02975,-0.08258,-0.0056,-0.00994,0.05281,0.02306,0.11937,0.03678,0.03572,0.03012,0.06179,0.05185
18,0,0.63136,0.6338,0.63124,0.62954,0.63136,0.63136,0.63136,-0.16079,-0.19909,0.03043,0.00724,0.68128,0.5205,0.8546,0.65551,0.54937,0.5798,0.69553,0.70277
18,1,0.62686,0.67238,0.6273,0.60094,0.62686,0.62686,0.62686,-0.08616,-0.2441,0.02296,0.02727,0.30434,0.21818,0.56063,0.31653,0.22932,0.25227,0.35366,0.38093
18,2,0.65543,0.66071,0.65558,0.65271,0.65543,0.65543,0.65543,-0.10476,-0.22478,0.03986,0.01843,0.48373,0.37897,0.74032,0.51554,0.38473,0.42458,0.55407,0.5725
18,3,0.5965,0.66855,0.59706,0.54892,0.5965,0.5965,0.5965,-0.08773,-0.24138,0.0152,0.02021,0.2355,0.14778,0.45841,0.21703,0.16444,0.17965,0.25813,0.27834
18,4,0.57179,0.67211,0.57244,0.49967,0.57179,0.57179,0.57179,-0.08052,-0.22182,0.00632,0.00931,0.17562,0.0951,0.36381,0.14199,0.11538,0.1217,0.18577,0.19508
18,5,0.55564,0.6279,0.555,0.4814,0.55564,0.55564,0.55564,-0.01578,-0.03723,0.01773,0.01171,0.8885,0.87272,0.96127,0.92404,0.86594,0.88367,0.9248,0.93651
18,6,0.61429,0.66627,0.61476,0.58212,0.61429,0.61429,0.61429,-0.10772,-0.27624,0.01888,0.02082,0.29679,0.18908,0.55048,0.27423,0.2094,0.22828,0.32276,0.34359
18,7,0.54236,0.68236,0.54311,0.4349,0.54236,0.54236,0.54236,-0.04683,-0.13665,-0.00213,-0.0025,0.09571,0.04888,0.21206,0.07541,0.06446,0.06233,0.10772,0.10523
18,8,0.63114,0.67168,0.63156,0.60843,0.63114,0.63114,0.63114,-0.09313,-0.25167,0.02585,0.03097,0.3232,0.23007,0.58476,0.33309,0.24143,0.26728,0.36951,0.40048
18,9,0.59186,0.66576,0.59243,0.54139,0.59186,0.59186,0.59186,-0.10139,-0.26119,0.01434,0.02057,0.2381,0.13671,0.46222,0.20103,0.15808,0.17242,0.24634,0.26692
19,0,0.64879,0.65015,0.6487,0.64791,0.64879,0.64879,0.64879,-0.09431,-0.15592,0.05999,0.02498,0.6148,0.5205,0.81841,0.6625,0.50996,0.56994,0.6813,0.70628
19,1,0.51064,0.6798,0.51147,0.3618,0.51064,0.51064,0.51064,-0.00177,-0.01181,-0.00347,-0.0056,0.01744,0.01568,0.03683,0.02501,0.01848,0.01501,0.0313,0.0257
19,2,0.52786,0.64451,0.52708,0.40692,0.52786,0.52786,0.52786,0.02771,-0.00085,0.00816,0.00894,0.9314,0.95911,0.97841,0.97756,0.94539,0.95355,0.97195,0.98089
19,3,0.5605,0.68484,0.5612,0.47269,0.5605,0.5605,0.5605,-0.04318,-0.14849,0.0109,0.01649,0.12117,0.07799,0.2673,0.11882,0.08397,0.09486,0.14146,0.15795
19,4,0.53593,0.64637,0.53518,0.42661,0.53593,0.53593,0.53593,0.02219,-0.00559,0.01203,0.01029,0.92032,0.94251,0.97524,0.96965,0.92794,0.93997,0.96423,0.97452
19,5,0.56093,0.68328,0.56163,0.47401,0.56093,0.56093,0.56093,-0.04972,-0.15983,0.01016,0.01581,0.1273,0.07758,0.2781,0.11826,0.08602,0.09618,0.1439,0.15971
19,6,0.53693,0.688,0.5377,0.42181,0.53693,0.53693,0.53693,-0.03466,-0.10921,0.00246,0.00424,0.07709,0.04243,0.17524,0.06603,0.05132,0.05378,0.0878,0.09205
19,7,0.54779,0.63795,0.54709,0.45819,0.54779,0.54779,0.54779,0.01838,-0.01257,0.01766,0.0137,0.89298,0.91135,0.96254,0.94997,0.89427,0.91193,0.9439,0.9576
19,8,0.61143,0.67624,0.61195,0.57268,0.61143,0.61143,0.61143,-0.07105,-0.23184,0.02754,0.04007,0.24752,0.17647,0.48952,0.25768,0.18005,0.20758,0.28374,0.32381
19,9,0.50021,0.44258,0.49936,0.33532,0.50021,0.50021,0.50021,0.00108,-0.00032,0.00014,0.00036,0.99646,0.99754,0.99683,0.99651,0.99713,0.99726,0.99634,0.9967
20,0,0.55343,0.64669,0.55274,0.46786,0.55343,0.55343,0.55343,0.03971,-0.00438,0.02254,0.01808,0.87247,0.91217,0.95619,0.95181,0.88544,0.90799,0.94106,0.95914
20,1,0.63693,0.64768,0.6367,0.62996,0.63693,0.63693,0.63693,-0.0171,-0.08992,0.0846,0.03953,0.64828,0.63117,0.84254,0.75262,0.58119,0.66579,0.74715,0.78669
20,2,0.59529,0.68273,0.59588,0.54102,0.59529,0.59529,0.59529,-0.04034,-0.16924,0.0272,0.04224,0.1834,0.14306,0.38222,0.21299,0.13755,0.16475,0.22358,0.26582
20,3,0.64571,0.65339,0.64552,0.64104,0.64571,0.64571,0.64571,0.00492,-0.07801,0.08573,0.04324,0.60985,0.61478,0.81905,0.74103,0.55738,0.64312,0.73049,0.77373
20,4,0.66393,0.68654,0.66423,0.65367,0.66393,0.66393,0.66393,-0.00898,-0.15529,0.05672,0.06318,0.33333,0.32435,0.61143,0.45613,0.29008,0.34681,0.45,0.51318
20,5,0.5265,0.6494,0.52572,0.40234,0.5265,0.5265,0.5265,0.03782,0.00283,0.00676,0.00456,0.92857,0.96639,0.97841,0.98124,0.95052,0.95728,0.97764,0.98221
20,6,0.65414,0.68326,0.65448,0.64014,0.65414,0.65414,0.65414,-0.02723,-0.17661,0.05048,0.0582,0.32084,0.29361,0.59302,0.41641,0.26894,0.31942,0.41829,0.47649
20,7,0.67407,0.68316,0.67426,0.67013,0.67407,0.67407,0.67407,-0.00897,-0.14829,0.0553,0.04309,0.39604,0.38707,0.67873,0.53044,0.35373,0.40903,0.53577,0.57887
20,8,0.604,0.67909,0.60455,0.55828,0.604,0.604,0.604,-0.0451,-0.18273,0.02967,0.04273,0.20886,0.16376,0.42349,0.24076,0.15808,0.18775,0.25407,0.29679
20,9,0.53879,0.64935,0.53805,0.43266,0.53879,0.53879,0.53879,0.03924,0.00013,0.01575,0.01144,0.90429,0.94353,0.96952,0.96965,0.92137,0.93712,0.9622,0.97364
21,0,0.68,0.68895,0.68019,0.6763,0.68,0.68,0.68,0.01457,-0.1227,0.06417,0.05606,0.38213,0.3967,0.6673,0.5446,0.35044,0.41461,0.53577,0.59183
21,1,0.56164,0.68541,0.56234,0.47487,0.56164,0.56164,0.56164,-0.02503,-0.11879,0.0196,0.03193,0.11009,0.08506,0.24698,0.1282,0.07986,0.09946,0.13415,0.16608
21,2,0.67279,0.6933,0.67306,0.66409,0.67279,0.67279,0.67279,0.02019,-0.12218,0.06122,0.06701,0.32414,0.34433,0.60571,0.48354,0.2983,0.35951,0.46748,0.53449
21,3,0.64364,0.65755,0.64339,0.63535,0.64364,0.64364,0.64364,0.06392,-0.0376,0.10919,0.05946,0.60537,0.6693,0.82222,0.78462,0.57873,0.68792,0.75447,0.81393
21,4,0.6555,0.69062,0.65587,0.63919,0.6555,0.6555,0.6555,0.00383,-0.1324,0.06345,0.07737,0.28383,0.28766,0.54476,0.41236,0.24512,0.30858,0.39187,0.46924
21,5,0.51536,0.65211,0.51454,0.3731,0.51536,0.51536,0.51536,0.03114,0.00842,0.00367,0.00153,0.9538,0.98494,0.98349,0.99191,0.97311,0.97678,0.98902,0.99055
21,6,0.54729,0.68726,0.54802,0.44442,0.54729,0.54729,0.54729,-0.02161,-0.0942,0.00957,0.01836,0.08392,0.06231,0.18984,0.09564,0.06262,0.07219,0.10488,0.12324
21,7,0.64129,0.69109,0.64172,0.6167,0.64129,0.64129,0.64129,-0.00679,-0.14489,0.05748,0.08381,0.25059,0.2438,0.49968,0.35479,0.20838,0.26586,0.33293,0.41674
21,8,0.56114,0.68405,0.56184,0.47423,0.56114,0.56114,0.56114,-0.0248,-0.11707,0.01918,0.03106,0.10985,0.08506,0.24508,0.12801,0.08007,0.09924,0.13415,0.1652
21,9,0.51286,0.65035,0.51204,0.36668,0.51286,0.51286,0.51286,0.02413,0.00634,0.00362,0.00019,0.96275,0.98688,0.98667,0.99301,0.97721,0.98083,0.99146,0.99165
22,0,0.52079,0.65822,0.51998,0.38623,0.52079,0.52079,0.52079,0.04212,0.01065,0.00598,0.00424,0.938,0.98012,0.97905,0.9897,0.96346,0.96944,0.98455,0.9888
22,1,0.56657,0.66659,0.56591,0.48902,0.56657,0.56657,0.56657,0.10415,0.01994,0.03618,0.02072,0.81612,0.92027,0.93905,0.95898,0.86512,0.9013,0.94106,0.96178
22,2,0.68779,0.69498,0.68795,0.685,0.68779,0.68779,0.68779,0.0691,-0.06837,0.07654,0.07266,0.35691,0.42601,0.64571,0.57734,0.35516,0.4317,0.54553,0.61819
22,3,0.52871,0.66201,0.52793,0.40519,0.52871,0.52871,0.52871,0.0597,0.01296,0.01168,0.00786,0.91325,0.97295,0.9727,0.98565,0.94724,0.95892,0.97764,0.9855
22,4,0.59129,0.68716,0.5919,0.53202,0.59129,0.59129,0.59129,-0.00108,-0.09976,0.03871,0.06209,0.14404,0.14296,0.31238,0.21262,0.11805,0.15675,0.19472,0.25681
22,5,0.60521,0.6885,0.60578,0.55685,0.60521,0.60521,0.60521,0.00405,-0.10223,0.03972,0.06136,0.16596,0.17001,0.35365,0.25143,0.14289,0.1826,0.23455,0.29591
22,6,0.65036,0.6624,0.65012,0.64353,0.65036,0.65036,0.65036,0.08735,-0.02612,0.11783,0.06507,0.57661,0.66397,0.80762,0.7815,0.56067,0.6785,0.74512,0.81019
22,7,0.65836,0.69657,0.65873,0.64123,0.65836,0.65836,0.65836,0.03094,-0.10187,0.0699,0.09092,0.25908,0.29002,0.5181,0.41622,0.23506,0.30496,0.38008,0.471
22,8,0.6395,0.69232,0.63995,0.61335,0.6395,0.6395,0.6395,0.01189,-0.11744,0.06061,0.08879,0.23079,0.24267,0.46984,0.3524,0.19955,0.26016,0.32114,0.40993
22,9,0.68793,0.69222,0.68806,0.68627,0.68793,0.68793,0.68793,0.06616,-0.06944,0.08242,0.07618,0.38025,0.4464,0.66794,0.59849,0.37261,0.45503,0.56463,0.64082
23,0,0.51357,0.68232,0.51439,0.36873,0.51357,0.51357,0.51357,0.00083,-0.00953,-0.00217,-0.00319,0.01957,0.02039,0.0419,0.03237,0.02156,0.01939,0.03659,0.03339
23,1,0.55864,0.68474,0.55935,0.4689,0.55864,0.55864,0.55864,-0.00487,-0.07613,0.02519,0.04221,0.09147,0.0866,0.20635,0.13022,0.07165,0.09683,0.11992,0.16213
23,2,0.60879,0.68964,0.60934,0.56274,0.60879,0.60879,0.60879,0.01922,-0.07698,0.0465,0.07523,0.16124,0.18047,0.34349,0.26651,0.14432,0.19082,0.23496,0.31019
23,3,0.50921,0.64251,0.50838,0.3575,0.50921,0.50921,0.50921,0.02796,0.00792,0.00607,0.00117,0.96558,0.99354,0.9873,0.99522,0.98111,0.98718,0.99268,0.99385
23,4,0.63343,0.69445,0.63391,0.60269,0.63343,0.63343,0.63343,0.03263,-0.08465,0.06281,0.0955,0.19826,0.23089,0.42032,0.33566,0.18005,0.24285,0.29268,0.38818
23,5,0.64186,0.67058,0.6415,0.62578,0.64186,0.64186,0.64186,0.1761,0.04513,0.13601,0.08849,0.58369,0.75979,0.8127,0.85783,0.61774,0.75375,0.79024,0.87873
23,6,0.67379,0.67829,0.67365,0.6716,0.67379,0.67379,0.67379,0.12449,-0.0012,0.11942,0.07879,0.49387,0.61836,0.75492,0.75372,0.50277,0.62219,0.70285,0.78163
23,7,0.53543,0.68698,0.5362,0.41868,0.53543,0.53543,0.53543,-0.00428,-0.0473,0.01241,0.02214,0.05398,0.0497,0.12381,0.07651,0.04291,0.05532,0.07276,0.0949
23,8,0.65429,0.67117,0.65401,0.6453,0.65429,0.65429,0.65429,0.15539,0.02862,0.13649,0.08617,0.54998,0.70537,0.78984,0.81847,0.56929,0.70577,0.7561,0.84227
23,9,0.58936,0.68984,0.58998,0.52751,0.58936,0.58936,0.58936,0.00631,-0.08613,0.03938,0.06316,0.13296,0.13927,0.29397,0.20784,0.11168,0.15106,0.18618,0.24934
24,0,0.50964,0.64569,0.50881,0.35841,0.50964,0.50964,0.50964,0.02938,0.00874,0.00604,0.00117,0.96417,0.99354,0.98667,0.9954,0.9807,0.98675,0.99268,0.99385
24,1,0.65836,0.70006,0.65875,0.63991,0.65836,0.65836,0.65836,0.06229,-0.05467,0.08115,0.11077,0.22937,0.29166,0.47365,0.41898,0.21987,0.30102,0.35935,0.47012
24,2,0.66521,0.7033,0.66558,0.64907,0.66521,0.66521,0.66521,0.06949,-0.04777,0.08012,0.10636,0.23621,0.3057,0.48698,0.43921,0.2324,0.31252,0.38089,0.48726
24,3,0.62121,0.67939,0.62072,0.58727,0.62121,0.62121,0.62121,0.21981,0.07505,0.1087,0.06817,0.63272,0.85253,0.84825,0.9233,0.71505,0.82375,0.8622,0.93036
24,4,0.62379,0.69323,0.6243,0.58718,0.62379,0.62379,0.62379,0.04707,-0.04211,0.06291,0.09805,0.16855,0.21562,0.3581,0.31598,0.16034,0.22324,0.26179,0.35984
24,5,0.68843,0.68909,0.68838,0.68812,0.68843,0.68843,0.68843,0.16278,0.02789,0.11904,0.09591,0.41726,0.58004,0.69714,0.72503,0.45309,0.57213,0.6565,0.75242
24,6,0.6385,0.6969,0.63897,0.60999,0.6385,0.6385,0.6385,0.04921,-0.05909,0.06877,0.10275,0.19448,0.2437,0.41333,0.35424,0.18395,0.25271,0.30081,0.40356
24,7,0.54321,0.67595,0.54247,0.43578,0.54321,0.54321,0.54321,0.11344,0.02963,0.02608,0.01542,0.85644,0.96987,0.95492,0.98455,0.9185,0.94457,0.96789,0.9833
24,8,0.55079,0.68879,0.55152,0.45148,0.55079,0.55079,0.55079,0.00385,-0.04423,0.02037,0.03612,0.07096,0.07481,0.15937,0.11514,0.06036,0.08073,0.10163,0.13774
24,9,0.52843,0.66795,0.52765,0.40335,0.52843,0.52843,0.52843,0.07123,0.01862,0.01623,0.00946,0.90736,0.97858,0.97016,0.98878,0.94642,0.96265,0.97846,0.98792
25,0,0.6135,0.67744,0.61298,0.57465,0.6135,0.6135,0.6135,0.21015,0.06942,0.09867,0.06124,0.65488,0.86503,0.86032,0.92974,0.73702,0.83569,0.87439,0.93563
25,1,0.55207,0.68715,0.5528,0.45458,0.55207,0.55207,0.55207,0.00809,-0.03744,0.02422,0.04289,0.07072,0.07881,0.1581,0.12065,0.06056,0.08478,0.10122,0.14411
25,2,0.54286,0.67795,0.54211,0.43451,0.54286,0.54286,0.54286,0.11876,0.03092,0.02784,0.01758,0.85408,0.97284,0.95492,0.98584,0.9187,0.94654,0.96748,0.98506
25,3,0.69879,0.69909,0.69882,0.69869,0.69879,0.69879,0.69879,0.17673,0.04501,0.11472,0.10567,0.35832,0.53505,0.64508,0.69009,0.40669,0.52142,0.61138,0.71705
25,4,0.62329,0.69449,0.6238,0.58587,0.62329,0.62329,0.62329,0.05964,-0.02096,0.06619,0.10365,0.157,0.21664,0.33841,0.31745,0.15541,0.2216,0.25488,0.35852
25,5,0.55721,0.6872,0.55793,0.46528,0.55721,0.55721,0.55721,0.01672,-0.02771,0.02947,0.0508,0.07284,0.08957,0.16381,0.1361,0.06528,0.09475,0.10935,0.16015
25,6,0.56721,0.68921,0.5679,0.48502,0.56721,0.56721,0.56721,0.0168,-0.04037,0.03632,0.06191,0.08793,0.10473,0.19873,0.15836,0.07596,0.11228,0.12724,0.18915
25,7,0.59671,0.67805,0.59613,0.544,0.59671,0.59671,0.59671,0.21938,0.07271,0.07476,0.04281,0.68623,0.90562,0.87873,0.95144,0.79039,0.86515,0.90732,0.95013
25,8,0.50107,0.51579,0.50022,0.33709,0.50107,0.50107,0.50107,0.00411,-0.00014,-2e-05,0.00058,0.99364,0.99775,0.99683,0.99669,0.99651,0.99649,0.99634,0.99692
25,9,0.53343,0.67666,0.53265,0.41344,0.53343,0.53343,0.53343,0.09029,0.0228,0.02122,0.01171,0.8885,0.97879,0.96635,0.98915,0.93759,0.95881,0.97642,0.98814
26,0,0.696,0.70622,0.69619,0.69232,0.696,0.696,0.696,0.14143,0.01905,0.09927,0.11553,0.29114,0.43257,0.57079,0.58985,0.32498,0.42425,0.51057,0.6261
26,1,0.59236,0.69005,0.59297,0.53301,0.59236,0.59236,0.59236,0.03791,-0.02552,0.05157,0.0853,0.11622,0.15413,0.25524,0.22972,0.10901,0.16059,0.18008,0.26538
26,2,0.51186,0.65601,0.51103,0.36344,0.51186,0.51186,0.51186,0.03945,0.01146,0.00766,0.00239,0.9545,0.99395,0.98413,0.99559,0.97701,0.98466,0.99146,0.99385
26,3,0.58071,0.69125,0.58136,0.51076,0.58071,0.58071,0.58071,0.03967,-0.01105,0.04924,0.08107,0.09335,0.13302,0.21079,0.19974,0.08889,0.13813,0.14959,0.23067
26,4,0.524,0.67589,0.5232,0.39144,0.524,0.524,0.524,0.07041,0.02023,0.01376,0.00751,0.91678,0.98719,0.97333,0.99356,0.95689,0.97064,0.98415,0.99165
26,5,0.70007,0.70057,0.70011,0.69991,0.70007,0.70007,0.70007,0.18855,0.05769,0.11836,0.10994,0.34465,0.5332,0.63111,0.6888,0.39889,0.51725,0.60447,0.71441
26,6,0.55271,0.68013,0.55199,0.45548,0.55271,0.55271,0.55271,0.14642,0.04376,0.03421,0.0201,0.81966,0.96608,0.93968,0.98345,0.8994,0.93362,0.96057,0.98067
26,7,0.58379,0.69101,0.58443,0.51667,0.58379,0.58379,0.58379,0.03809,-0.01803,0.04949,0.08173,0.09995,0.13804,0.22476,0.20673,0.09423,0.14372,0.15772,0.23946
26,8,0.62736,0.69639,0.62786,0.59197,0.62736,0.62736,0.62736,0.06632,-0.01199,0.07141,0.11298,0.15842,0.22474,0.34159,0.32959,0.15808,0.22949,0.25894,0.37192
26,9,0.63814,0.69652,0.63861,0.60956,0.63814,0.63814,0.63814,0.07867,-0.0066,0.07694,0.11376,0.17374,0.25241,0.37206,0.36546,0.1784,0.25534,0.29309,0.40685
27,0,0.54443,0.69093,0.54518,0.4375,0.54443,0.54443,0.54443,0.0101,-0.02335,0.01812,0.03211,0.05611,0.0662,0.12635,0.103,0.05132,0.06945,0.0874,0.11951
27,1,0.70043,0.70599,0.70057,0.69849,0.70043,0.70043,0.70043,0.18291,0.05982,0.1087,0.12019,0.29137,0.47428,0.5727,0.63252,0.34798,0.45668,0.54106,0.66125
27,2,0.68579,0.69108,0.68564,0.68349,0.68579,0.68579,0.68579,0.25767,0.10583,0.14999,0.12111,0.40476,0.66243,0.68762,0.79345,0.48655,0.63654,0.69106,0.81217
27,3,0.70079,0.70512,0.70091,0.69928,0.70079,0.70079,0.70079,0.19349,0.07169,0.11256,0.12157,0.29349,0.48699,0.57333,0.64502,0.35496,0.46752,0.55,0.67157
27,4,0.58586,0.68579,0.58523,0.5207,0.58586,0.58586,0.58586,0.23318,0.08097,0.06559,0.03396,0.70533,0.93851,0.89016,0.97112,0.82509,0.89068,0.93089,0.96485
27,5,0.50021,0.44258,0.49936,0.33532,0.50021,0.50021,0.50021,0.00108,-0.00032,0.00014,0.00036,0.99646,0.99754,0.99683,0.99651,0.99713,0.99726,0.99634,0.9967
27,6,0.52771,0.67897,0.52692,0.39975,0.52771,0.52771,0.52771,0.08014,0.02349,0.01742,0.00991,0.905,0.98514,0.96952,0.99301,0.9495,0.96692,0.9813,0.99121
27,7,0.50643,0.62684,0.50559,0.35072,0.50643,0.50643,0.50643,0.02494,0.00593,0.00652,0.0027,0.97148,0.99641,0.98984,0.99577,0.9846,0.99113,0.99268,0.99539
27,8,0.51907,0.67512,0.51826,0.37965,0.51907,0.51907,0.51907,0.05965,0.01681,0.01056,0.00435,0.93164,0.99129,0.97841,0.99522,0.96633,0.97689,0.98862,0.99297
27,9,0.65086,0.68592,0.65048,0.63324,0.65086,0.65086,0.65086,0.29694,0.12848,0.15294,0.10303,0.51132,0.80826,0.76889,0.89737,0.61856,0.7715,0.80163,0.90466
28,0,0.64007,0.69904,0.64054,0.61172,0.64007,0.64007,0.64007,0.09474,0.02336,0.08284,0.12417,0.16289,0.25763,0.35111,0.37447,0.17491,0.25775,0.28862,0.41279
28,1,0.513,0.68407,0.51382,0.3672,0.513,0.513,0.513,0.00514,-0.00173,-0.00181,-0.00248,0.01556,0.0207,0.03429,0.03255,0.02032,0.01851,0.03455,0.03207
28,2,0.69636,0.69668,0.69632,0.69621,0.69636,0.69636,0.69636,0.23716,0.09829,0.13891,0.12587,0.3562,0.59336,0.64127,0.73956,0.43092,0.56983,0.63577,0.76164
28,3,0.53729,0.68665,0.53652,0.42026,0.53729,0.53729,0.53729,0.11372,0.03127,0.02544,0.01428,0.86917,0.98289,0.96063,0.99191,0.93184,0.95728,0.97561,0.98989
28,4,0.59221,0.68495,0.59161,0.53301,0.59221,0.59221,0.59221,0.26273,0.09826,0.07611,0.04182,0.67209,0.93482,0.87048,0.96873,0.80558,0.8817,0.91951,0.96134
28,5,0.516,0.66789,0.51518,0.37289,0.516,0.516,0.516,0.05473,0.01508,0.01048,0.00398,0.93871,0.99344,0.98032,0.9954,0.97003,0.9805,0.98943,0.99341
28,6,0.64821,0.68815,0.64782,0.62814,0.64821,0.64821,0.64821,0.31489,0.13963,0.14613,0.09862,0.51202,0.82691,0.77079,0.91043,0.63621,0.78234,0.81504,0.91366
28,7,0.55157,0.69014,0.5523,0.4528,0.55157,0.55157,0.55157,0.02541,-0.00227,0.02892,0.05146,0.05658,0.08198,0.12825,0.12599,0.05543,0.08435,0.09309,0.14455
28,8,0.5255,0.67899,0.5247,0.39455,0.5255,0.5255,0.5255,0.0809,0.02414,0.01785,0.00916,0.90783,0.98873,0.97016,0.9943,0.95258,0.97042,0.98293,0.99209
28,9,0.56486,0.68708,0.56416,0.4789,0.56486,0.56486,0.56486,0.18643,0.05954,0.04617,0.02353,0.77534,0.96177,0.92317,0.98271,0.87518,0.92135,0.95407,0.97759
29,0,0.51036,0.69021,0.51119,0.36039,0.51036,0.51036,0.51036,0.00485,9e-05,-0.00355,-0.00551,0.01155,0.0164,0.02603,0.02612,0.01724,0.01369,0.02967,0.02417
29,1,0.66607,0.70625,0.66645,0.64928,0.66607,0.66607,0.66607,0.13234,0.05754,0.09811,0.13992,0.18812,0.32046,0.4019,0.45944,0.21638,0.31449,0.35569,0.49561
29,2,0.50214,0.56693,0.50129,0.3397,0.50214,0.50214,0.50214,0.00825,0.00031,0.00231,0.00077,0.98939,0.99764,0.99619,0.99651,0.99364,0.99595,0.99593,0.9967
29,3,0.635,0.69887,0.63548,0.6036,0.635,0.635,0.635,0.10672,0.05398,0.08484,0.13231,0.14333,0.25005,0.31111,0.36509,0.16239,0.24723,0.26707,0.39938
29,4,0.50029,0.44473,0.49943,0.33523,0.50029,0.50029,0.50029,0.00138,5e-05,0.00015,0.0008,0.99646,0.99785,0.99683,0.99687,0.99733,0.99748,0.99634,0.99714
29,5,0.54521,0.685,0.54447,0.43808,0.54521,0.54521,0.54521,0.14361,0.04322,0.03344,0.01893,0.83569,0.9793,0.94667,0.98988,0.91398,0.94742,0.96789,0.98682
29,6,0.513,0.67882,0.51382,0.36765,0.513,0.513,0.513,0.01104,0.01129,0.00221,0.00404,0.01202,0.02306,0.02476,0.03605,0.01827,0.02048,0.03089,0.03493
29,7,0.50329,0.60223,0.50244,0.3422,0.50329,0.50329,0.50329,0.01168,0.00031,0.00276,0.00077,0.98586,0.99754,0.99619,0.99651,0.9922,0.99496,0.99593,0.9967
29,8,0.62664,0.69663,0.62715,0.59069,0.62664,0.62664,0.62664,0.09004,0.03137,0.07958,0.12406,0.14003,0.23007,0.3054,0.33677,0.15089,0.23047,0.24919,0.37324
29,9,0.61929,0.69611,0.61982,0.57852,0.61929,0.61929,0.61929,0.08222,0.02761,0.07381,0.1184,0.13083,0.21306,0.28635,0.31396,0.14001,0.21382,0.23089,0.3493
30,0,0.70107,0.70108,0.70108,0.70107,0.70107,0.70107,0.70107,0.24365,0.10949,0.14115,0.13629,0.32768,0.57133,0.61333,0.72283,0.40546,0.54661,0.60976,0.74605
30,1,0.68671,0.69391,0.68655,0.68366,0.68671,0.68671,0.68671,0.30551,0.1476,0.1587,0.13325,0.38449,0.69,0.66921,0.81681,0.49394,0.65265,0.69715,0.8304
30,2,0.53914,0.68829,0.53838,0.42407,0.53914,0.53914,0.53914,0.12262,0.03318,0.02791,0.01613,0.86068,0.9833,0.95873,0.99191,0.92794,0.95585,0.97398,0.99011
30,3,0.70307,0.70407,0.70313,0.70275,0.70307,0.70307,0.70307,0.25098,0.12728,0.1301,0.13549,0.29114,0.54212,0.57016,0.69744,0.38124,0.51134,0.58089,0.71639
30,4,0.57707,0.69001,0.57773,0.50414,0.57707,0.57707,0.57707,0.05058,0.01749,0.05047,0.08727,0.08039,0.13097,0.17968,0.19717,0.08273,0.1332,0.13659,0.22386
30,5,0.648,0.68906,0.6476,0.62742,0.648,0.648,0.648,0.35352,0.16569,0.14672,0.10173,0.48774,0.84126,0.75302,0.91871,0.63847,0.78519,0.81545,0.91718
30,6,0.682,0.70901,0.68231,0.67161,0.682,0.682,0.682,0.164,0.08243,0.10672,0.14344,0.20698,0.37098,0.43937,0.5218,0.25169,0.35842,0.41016,0.5536
30,7,0.68707,0.69352,0.68691,0.68433,0.68707,0.68707,0.68707,0.31075,0.15627,0.15942,0.13351,0.37577,0.68651,0.65778,0.81405,0.4884,0.64783,0.69228,0.82579
30,8,0.59129,0.69149,0.5919,0.53054,0.59129,0.59129,0.59129,0.06002,0.01564,0.06018,0.09812,0.0976,0.15761,0.21905,0.23469,0.10018,0.16037,0.16748,0.2656
30,9,0.52593,0.67867,0.52513,0.3956,0.52593,0.52593,0.52593,0.08732,0.02623,0.01927,0.00998,0.90264,0.98996,0.96825,0.99448,0.95093,0.9702,0.98211,0.99209
31,0,0.70179,0.70621,0.70191,0.70026,0.70179,0.70179,0.70179,0.22074,0.10336,0.1205,0.13476,0.27393,0.49467,0.54921,0.65257,0.34921,0.46971,0.54187,0.67663
31,1,0.55064,0.69135,0.55138,0.45057,0.55064,0.55064,0.55064,0.02839,0.00552,0.02942,0.05083,0.05257,0.08096,0.11937,0.12489,0.05317,0.08259,0.09065,0.14148
31,2,0.62179,0.68485,0.62128,0.58598,0.62179,0.62179,0.62179,0.34052,0.14576,0.11861,0.07148,0.55587,0.89639,0.80127,0.94703,0.71587,0.83448,0.86789,0.93937
31,3,0.6295,0.69835,0.63,0.5948,0.6295,0.6295,0.6295,0.11059,0.06767,0.08654,0.13416,0.12942,0.24001,0.28381,0.35148,0.15007,0.23661,0.24919,0.38335
31,4,0.69786,0.7092,0.69806,0.69384,0.69786,0.69786,0.69786,0.2159,0.12373,0.12129,0.15118,0.23409,0.44999,0.48635,0.61008,0.30548,0.42677,0.48415,0.63533
31,5,0.69479,0.69801,0.69467,0.69346,0.69479,0.69479,0.69479,0.30725,0.15873,0.15829,0.14202,0.35078,0.65802,0.63619,0.79492,0.46171,0.62,0.66707,0.80909
31,6,0.67907,0.69144,0.67885,0.67363,0.67907,0.67907,0.67907,0.33277,0.16757,0.16184,0.1344,0.39628,0.72904,0.67683,0.8444,0.52269,0.68452,0.71951,0.85391
31,7,0.63407,0.69898,0.63456,0.60206,0.63407,0.63407,0.63407,0.11403,0.06959,0.08649,0.13437,0.13602,0.25005,0.29587,0.36546,0.1591,0.24559,0.2626,0.39697
31,8,0.69036,0.70749,0.6906,0.684,0.69036,0.69036,0.69036,0.19546,0.11015,0.11482,0.14914,0.22112,0.41658,0.46222,0.57237,0.28249,0.39731,0.45081,0.59996
31,9,0.69229,0.70869,0.69252,0.68629,0.69229,0.69229,0.69229,0.19811,0.11223,0.1142,0.14747,0.22277,0.42089,0.46603,0.57826,0.28639,0.40059,0.45732,0.60479
32,0,0.62907,0.68441,0.6286,0.5985,0.62907,0.62907,0.62907,0.34087,0.14898,0.12763,0.08359,0.53748,0.87836,0.78794,0.93691,0.69185,0.81948,0.84919,0.93278
32,1,0.50929,0.68898,0.51012,0.35789,0.50929,0.50929,0.50929,0.00662,0.00433,-0.00154,-0.00173,0.00896,0.01558,0.02032,0.02465,0.01458,0.01304,0.0248,0.02307
32,2,0.69536,0.70847,0.69557,0.69064,0.69536,0.69536,0.69536,0.21459,0.13031,0.12145,0.15552,0.22607,0.44066,0.46984,0.60015,0.29645,0.4179,0.46992,0.62544
32,3,0.50321,0.59585,0.50237,0.34229,0.50321,0.50321,0.50321,0.01205,0.00077,0.00338,0.00096,0.98538,0.99744,0.99556,0.99632,0.99158,0.99496,0.99553,0.99649
32,4,0.53021,0.68435,0.52943,0.40467,0.53021,0.53021,0.53021,0.10361,0.02922,0.02461,0.01242,0.88614,0.98975,0.96508,0.9943,0.94231,0.96692,0.97967,0.99209
32,5,0.70157,0.70523,0.70168,0.70031,0.70157,0.70157,0.70157,0.24867,0.14093,0.12984,0.14755,0.26096,0.50963,0.52635,0.66728,0.34962,0.47946,0.53984,0.68739
32,6,0.51407,0.68049,0.51489,0.37011,0.51407,0.51407,0.51407,0.00926,0.00623,0.00178,0.00339,0.01462,0.02388,0.03111,0.03734,0.01991,0.02169,0.03374,0.03713
32,7,0.63307,0.68603,0.63261,0.6045,0.63307,0.63307,0.63307,0.36682,0.16786,0.13053,0.08627,0.51226,0.87907,0.77016,0.93802,0.68282,0.81334,0.84431,0.93058
32,8,0.64543,0.70018,0.64588,0.61981,0.64543,0.64543,0.64543,0.12895,0.08163,0.09633,0.14627,0.14969,0.27864,0.3219,0.40353,0.17676,0.27309,0.29024,0.43651
32,9,0.50479,0.61894,0.50394,0.3462,0.50479,0.50479,0.50479,0.01845,0.00331,0.00544,0.00196,0.97878,0.99723,0.99302,0.99632,0.98809,0.99354,0.99431,0.99627
33,0,0.52479,0.67861,0.52399,0.39291,0.52479,0.52479,0.52479,0.08707,0.02615,0.01844,0.00835,0.90453,0.9916,0.96889,0.99503,0.95319,0.97163,0.98374,0.99209
33,1,0.53886,0.68925,0.53809,0.42325,0.53886,0.53886,0.53886,0.12635,0.03455,0.02901,0.01554,0.85879,0.98514,0.9581,0.99264,0.92794,0.95695,0.9748,0.99033
33,2,0.5425,0.69024,0.54325,0.4335,0.5425,0.5425,0.5425,0.02457,0.00597,0.02509,0.04512,0.04338,0.06794,0.09905,0.10502,0.04414,0.06923,0.07439,0.11951
33,3,0.5315,0.68573,0.53072,0.40738,0.5315,0.5315,0.5315,0.10812,0.02967,0.0244,0.01198,0.88142,0.98955,0.96444,0.99411,0.94087,0.96528,0.97967,0.99165
33,4,0.70386,0.70414,0.70389,0.70378,0.70386,0.70386,0.70386,0.28379,0.16264,0.14187,0.14767,0.28477,0.56856,0.56,0.72264,0.39006,0.53193,0.59024,0.73792
33,5,0.51086,0.68396,0.51169,0.36202,0.51086,0.51086,0.51086,0.01132,0.01212,0.00083,0.00214,0.00825,0.01957,0.01841,0.03053,0.0156,0.01643,0.02642,0.02856
33,6,0.51929,0.67754,0.52009,0.38299,0.51929,0.51929,0.51929,0.01306,0.00613,0.00786,0.01442,0.02004,0.0331,0.04444,0.05058,0.02402,0.03188,0.03984,0.05426
33,7,0.70157,0.70515,0.70168,0.70034,0.70157,0.70157,0.70157,0.26086,0.15659,0.13377,0.15303,0.25318,0.51404,0.51492,0.67151,0.34777,0.48154,0.53699,0.69003
33,8,0.52329,0.67756,0.52408,0.39249,0.52329,0.52329,0.52329,0.01153,0.00018,0.00919,0.01728,0.02711,0.03863,0.05905,0.05922,0.02915,0.03834,0.04797,0.06525
33,9,0.59121,0.69097,0.59059,0.52903,0.59121,0.59121,0.59121,0.28773,0.11208,0.07658,0.04084,0.66195,0.94968,0.86603,0.97811,0.81256,0.88914,0.92642,0.96727
34,0,0.56593,0.68956,0.56523,0.48036,0.56593,0.56593,0.56593,0.21433,0.06864,0.05286,0.02838,0.75554,0.96987,0.91683,0.98547,0.87046,0.92332,0.95163,0.98001
34,1,0.54336,0.689,0.54411,0.43561,0.54336,0.54336,0.54336,0.02568,0.00765,0.02615,0.04594,0.04432,0.06999,0.10032,0.10796,0.04517,0.07131,0.07642,0.12236
34,2,0.68357,0.70735,0.68386,0.67445,0.68357,0.68357,0.68357,0.20162,0.13882,0.11705,0.16064,0.19118,0.39281,0.40762,0.54644,0.25539,0.37244,0.41098,0.57162
34,3,0.51593,0.6722,0.51674,0.37549,0.51593,0.51593,0.51593,0.01378,0.01113,0.00864,0.01593,0.01532,0.0291,0.03302,0.04414,0.0193,0.02793,0.0313,0.04723
34,4,0.56371,0.69207,0.56301,0.47519,0.56371,0.56371,0.56371,0.21498,0.06968,0.05066,0.02567,0.76002,0.97499,0.91873,0.98841,0.87682,0.92748,0.9561,0.98177
34,5,0.70379,0.70592,0.70387,0.70307,0.70379,0.70379,0.70379,0.27166,0.16329,0.13925,0.15582,0.26073,0.53238,0.52698,0.69027,0.35927,0.49852,0.55244,0.70826
34,6,0.62207,0.68711,0.62156,0.58557,0.62207,0.62207,0.62207,0.35693,0.15372,0.11711,0.07108,0.54715,0.90408,0.7981,0.95181,0.71956,0.83667,0.87114,0.94222
34,7,0.57329,0.6927,0.57261,0.49413,0.57329,0.57329,0.57329,0.24094,0.08052,0.05987,0.03213,0.72678,0.96772,0.90476,0.98529,0.85568,0.91554,0.94634,0.97847
34,8,0.60614,0.68769,0.60558,0.55749,0.60614,0.60614,0.60614,0.33209,0.13705,0.09867,0.055,0.59925,0.93134,0.82984,0.96689,0.76637,0.86505,0.90041,0.9554
34,9,0.69743,0.70835,0.69762,0.69355,0.69743,0.69743,0.69743,0.23264,0.15032,0.12436,0.15735,0.22442,0.45706,0.4673,0.61762,0.30548,0.42984,0.48171,0.63906
35,0,0.50086,0.50043,0.50001,0.33674,0.50086,0.50086,0.50086,0.0032,-0.00032,9e-05,0.00036,0.99434,0.99754,0.99683,0.99651,0.99651,0.9966,0.99634,0.9967
35,1,0.5625,0.69088,0.5632,0.47509,0.5625,0.5625,0.5625,0.04645,0.02687,0.03892,0.06966,0.0587,0.10514,0.13333,0.1602,0.06569,0.10461,0.10894,0.1786
35,2,0.57379,0.68852,0.57445,0.49822,0.57379,0.57379,0.57379,0.05891,0.03521,0.04975,0.08709,0.07001,0.12892,0.1581,0.19331,0.07863,0.12838,0.12886,0.21595
35,3,0.57221,0.69227,0.57154,0.49214,0.57221,0.57221,0.57221,0.24275,0.08271,0.05902,0.03091,0.72702,0.96977,0.90349,0.98621,0.85773,0.91675,0.94756,0.97847
35,4,0.68821,0.70697,0.68847,0.68117,0.68821,0.68821,0.68821,0.2208,0.15752,0.1213,0.16223,0.19661,0.4174,0.41651,0.57403,0.2714,0.3927,0.43333,0.59556
35,5,0.56114,0.69126,0.56185,0.47224,0.56114,0.56114,0.56114,0.05084,0.03682,0.04034,0.07209,0.05328,0.10412,0.1219,0.15873,0.06241,0.10275,0.10366,0.17575
35,6,0.60979,0.69691,0.61035,0.56189,0.60979,0.60979,0.60979,0.09733,0.07116,0.07517,0.12306,0.10066,0.19799,0.22349,0.29465,0.11948,0.19465,0.19878,0.32184
35,7,0.63836,0.70054,0.63883,0.60842,0.63836,0.63836,0.63836,0.13409,0.09986,0.09398,0.14631,0.12918,0.26327,0.28381,0.38367,0.16136,0.25534,0.26626,0.41257
35,8,0.60364,0.69,0.60306,0.55215,0.60364,0.60364,0.60364,0.32899,0.13448,0.09349,0.04954,0.60891,0.9379,0.83683,0.97131,0.77725,0.87074,0.90894,0.95848
35,9,0.65979,0.68918,0.65945,0.64575,0.65979,0.65979,0.65979,0.3872,0.20257,0.15836,0.11971,0.42834,0.81554,0.70032,0.90289,0.59495,0.75331,0.77967,0.89938
36,0,0.66529,0.70556,0.66566,0.64835,0.66529,0.66529,0.66529,0.16625,0.11793,0.10688,0.15588,0.16384,0.33009,0.35365,0.47158,0.21002,0.3169,0.3439,0.49978
36,1,0.6745,0.70688,0.67484,0.66151,0.6745,0.6745,0.6745,0.18644,0.13221,0.1127,0.1611,0.17327,0.3597,0.37524,0.50745,0.22973,0.34243,0.37317,0.53427
36,2,0.62971,0.68647,0.62924,0.59873,0.62971,0.62971,0.62971,0.3849,0.18013,0.12807,0.08754,0.50872,0.89363,0.76635,0.94648,0.69349,0.82156,0.84919,0.93673
36,3,0.53521,0.69069,0.53599,0.41753,0.53521,0.53521,0.53521,0.02455,0.01537,0.02292,0.04039,0.03253,0.05708,0.07365,0.08902,0.0347,0.05762,0.05935,0.09974
36,4,0.62107,0.69863,0.62161,0.58064,0.62107,0.62107,0.62107,0.11608,0.09033,0.08465,0.13569,0.10773,0.22382,0.24,0.33033,0.13344,0.2181,0.22195,0.35765
36,5,0.55414,0.69433,0.55487,0.45714,0.55414,0.55414,0.55414,0.04742,0.03901,0.03724,0.06497,0.04338,0.0908,0.10095,0.13997,0.05215,0.08939,0.08902,0.154
36,6,0.70343,0.70345,0.70342,0.70342,0.70343,0.70343,0.70343,0.30671,0.17733,0.14956,0.14776,0.29208,0.59879,0.57143,0.74876,0.40834,0.55789,0.61301,0.76076
36,7,0.6935,0.69814,0.69337,0.6916,0.6935,0.6935,0.6935,0.35627,0.19965,0.16488,0.15208,0.32933,0.68559,0.61587,0.81552,0.47013,0.63501,0.67195,0.82403
36,8,0.51286,0.68216,0.51368,0.36702,0.51286,0.51286,0.51286,0.01326,0.01446,0.0026,0.00419,0.0099,0.02316,0.02159,0.03605,0.01745,0.02005,0.03008,0.03427
36,9,0.68643,0.7086,0.68671,0.67807,0.68643,0.68643,0.68643,0.21064,0.15059,0.11724,0.15905,0.19118,0.40182,0.40762,0.55821,0.26155,0.37879,0.42114,0.58018
37,0,0.515,0.67598,0.51582,0.37281,0.515,0.515,0.515,0.00932,0.00499,0.00127,0.00277,0.0165,0.02582,0.03492,0.03991,0.02217,0.02344,0.03699,0.03976
37,1,0.59486,0.69267,0.59547,0.53671,0.59486,0.59486,0.59486,0.08269,0.05753,0.06662,0.11071,0.08722,0.16991,0.19556,0.25308,0.10142,0.16804,0.16829,0.279
37,2,0.69336,0.70701,0.69358,0.68837,0.69336,0.69336,0.69336,0.23802,0.17136,0.12378,0.16223,0.20674,0.44476,0.43302,0.60438,0.29193,0.41571,0.46057,0.6228
37,3,0.50357,0.60007,0.50273,0.34332,0.50357,0.50357,0.50357,0.01418,0.00204,0.00428,0.00177,0.98326,0.99744,0.99429,0.99632,0.99035,0.99463,0.99472,0.99649
37,4,0.68036,0.69352,0.68013,0.67466,0.68036,0.68036,0.68036,0.38754,0.21686,0.16215,0.13704,0.36139,0.74892,0.64317,0.86003,0.52576,0.68792,0.72236,0.8594
37,5,0.58736,0.69178,0.58672,0.52152,0.58736,0.58736,0.58736,0.29284,0.11523,0.07497,0.03904,0.66596,0.9588,0.8673,0.98253,0.82119,0.89616,0.9313,0.97034
37,6,0.67007,0.69076,0.66979,0.66065,0.67007,0.67007,0.67007,0.38667,0.20518,0.16467,0.13074,0.39628,0.78295,0.67619,0.88137,0.55841,0.72308,0.75041,0.88115
37,7,0.52879,0.68524,0.52957,0.40405,0.52879,0.52879,0.52879,0.02288,0.01808,0.01821,0.03385,0.0257,0.04858,0.05714,0.07523,0.02977,0.04798,0.04919,0.08304
37,8,0.51686,0.66733,0.51604,0.3751,0.51686,0.51686,0.51686,0.06452,0.01844,0.01804,0.00686,0.93046,0.99498,0.97714,0.99559,0.96366,0.98171,0.98699,0.99385
37,9,0.67879,0.70749,0.6791,0.66752,0.67879,0.67879,0.67879,0.20074,0.1489,0.11546,0.16401,0.17515,0.3759,0.37841,0.52731,0.23979,0.35524,0.3874,0.55141
38,0,0.70343,0.70354,0.70341,0.70337,0.70343,0.70343,0.70343,0.30931,0.1757,0.15085,0.15038,0.29727,0.60658,0.57968,0.75538,0.41449,0.56534,0.61829,0.76867
38,1,0.57343,0.68879,0.5741,0.49744,0.57343,0.57343,0.57343,0.06285,0.04275,0.04981,0.08596,0.06648,0.12933,0.15111,0.19386,0.07781,0.12762,0.12846,0.21441
38,2,0.59557,0.69269,0.59618,0.538,0.59557,0.59557,0.59557,0.0869,0.06501,0.06765,0.11378,0.08557,0.17247,0.19175,0.25676,0.10203,0.16968,0.16829,0.28207
38,3,0.60614,0.69639,0.60672,0.55568,0.60614,0.60614,0.60614,0.10411,0.08612,0.07581,0.12584,0.08958,0.19369,0.2019,0.28803,0.11271,0.18852,0.18699,0.31283
38,4,0.69171,0.70612,0.69194,0.68639,0.69171,0.69171,0.69171,0.24341,0.18321,0.12427,0.16453,0.1992,0.44261,0.41841,0.60162,0.28783,0.41209,0.45366,0.61819
38,5,0.52321,0.67596,0.52241,0.38955,0.52321,0.52321,0.52321,0.08804,0.02569,0.02003,0.00816,0.9057,0.99375,0.96952,0.99522,0.95401,0.97404,0.98415,0.99231
38,6,0.54443,0.69012,0.54518,0.43767,0.54443,0.54443,0.54443,0.03249,0.0196,0.03021,0.05259,0.04078,0.07327,0.09333,0.11293,0.04373,0.07394,0.07439,0.12698
38,7,0.70457,0.70458,0.70458,0.70457,0.70457,0.70457,0.70457,0.32032,0.19988,0.14923,0.15471,0.27416,0.59449,0.54667,0.74655,0.40012,0.54935,0.60122,0.75593
38,8,0.5195,0.67485,0.52031,0.38385,0.5195,0.5195,0.5195,0.01521,0.01152,0.00749,0.01346,0.01933,0.03454,0.04127,0.05279,0.02505,0.03253,0.04146,0.05492
38,9,0.61414,0.69874,0.6147,0.5688,0.61414,0.61414,0.61414,0.10916,0.08904,0.07988,0.13014,0.09877,0.20793,0.22032,0.30936,0.12277,0.20265,0.20488,0.33502
39,0,0.69621,0.70592,0.6964,0.69272,0.69621,0.69621,0.69621,0.24453,0.16458,0.12778,0.16022,0.22207,0.46659,0.46095,0.62553,0.30918,0.43696,0.48455,0.64477
39,1,0.70079,0.70259,0.7007,0.70006,0.70079,0.70079,0.70079,0.34347,0.20308,0.15564,0.14934,0.30882,0.65229,0.59111,0.79419,0.44673,0.60237,0.65163,0.80097
39,2,0.60793,0.69627,0.6085,0.55886,0.60793,0.60793,0.60793,0.10203,0.08064,0.07583,0.1252,0.09453,0.19656,0.21143,0.29207,0.1162,0.19203,0.19268,0.31788
39,3,0.69743,0.70485,0.69759,0.69477,0.69743,0.69743,0.69743,0.26707,0.19153,0.13504,0.16509,0.21971,0.48678,0.4546,0.64613,0.3178,0.45284,0.49593,0.66103
39,4,0.66914,0.69237,0.66884,0.6586,0.66914,0.66914,0.66914,0.40747,0.22303,0.16158,0.12824,0.39085,0.79832,0.67048,0.89351,0.56949,0.73108,0.76016,0.8884
39,5,0.53564,0.68733,0.53487,0.41646,0.53564,0.53564,0.53564,0.12597,0.03502,0.02981,0.01394,0.86327,0.98924,0.95873,0.99375,0.93164,0.96144,0.97683,0.99077
39,6,0.63943,0.68683,0.639,0.61459,0.63943,0.63943,0.63943,0.40594,0.20104,0.13502,0.09501,0.47006,0.876,0.73587,0.93691,0.66496,0.79998,0.83008,0.92509
39,7,0.63393,0.70101,0.63442,0.60109,0.63393,0.63393,0.63393,0.13773,0.11348,0.09215,0.14538,0.11622,0.25395,0.25841,0.3719,0.15212,0.24428,0.25203,0.39741
39,8,0.60936,0.6898,0.6088,0.56242,0.60936,0.60936,0.60936,0.35703,0.15151,0.09967,0.05932,0.57779,0.93482,0.81778,0.96928,0.76165,0.86132,0.89675,0.95606
39,9,0.5785,0.69084,0.57916,0.50664,0.5785,0.5785,0.5785,0.0705,0.05119,0.0552,0.09483,0.06836,0.13886,0.15683,0.20802,0.0815,0.13671,0.13496,0.22979
40,0,0.647,0.70176,0.64745,0.62171,0.647,0.647,0.647,0.14831,0.11442,0.09912,0.15273,0.1372,0.28551,0.29905,0.41346,0.17594,0.27506,0.28862,0.44134
40,1,0.67157,0.70643,0.67192,0.65737,0.67157,0.67157,0.67157,0.19069,0.14562,0.11231,0.16175,0.16266,0.35335,0.35429,0.49991,0.22234,0.33465,0.3622,0.52395
40,2,0.67757,0.70662,0.67789,0.66607,0.67757,0.67757,0.67757,0.20569,0.15933,0.11536,0.16484,0.1702,0.3759,0.36762,0.52694,0.23835,0.35371,0.38415,0.54899
40,3,0.58336,0.68968,0.584,0.51629,0.58336,0.58336,0.58336,0.08382,0.07022,0.06441,0.10844,0.06836,0.15218,0.15619,0.22641,0.08479,0.14919,0.14024,0.24868
40,4,0.69714,0.70379,0.6973,0.69476,0.69714,0.69714,0.69714,0.27472,0.20069,0.13903,0.1715,0.21924,0.49395,0.45206,0.65275,0.32006,0.45909,0.49634,0.66784
40,5,0.68343,0.70895,0.68373,0.67368,0.68343,0.68343,0.68343,0.21852,0.17177,0.11817,0.16585,0.17397,0.3925,0.37651,0.54828,0.24923,0.3674,0.40203,0.56788
40,6,0.6625,0.69059,0.66217,0.64931,0.6625,0.6625,0.6625,0.40417,0.21336,0.15583,0.12036,0.41136,0.81554,0.68952,0.90289,0.59146,0.74729,0.77683,0.89719
40,7,0.63171,0.70024,0.63221,0.59775,0.63171,0.63171,0.63171,0.1369,0.11495,0.09223,0.14701,0.11315,0.25005,0.25143,0.36638,0.14843,0.24066,0.24512,0.39214
40,8,0.5255,0.67968,0.5247,0.39444,0.5255,0.5255,0.5255,0.09633,0.02842,0.02184,0.01001,0.89722,0.99354,0.96698,0.9954,0.95011,0.97196,0.98252,0.99253
40,9,0.67514,0.70717,0.67548,0.66234,0.67514,0.67514,0.67514,0.1963,0.15016,0.1133,0.16583,0.16761,0.36391,0.36317,0.51333,0.23055,0.34385,0.37195,0.53779
41,0,0.50421,0.61109,0.50337,0.34484,0.50421,0.50421,0.50421,0.01643,0.00267,0.0056,0.00218,0.98091,0.99734,0.99365,0.99632,0.98871,0.9943,0.99431,0.99649
41,1,0.52221,0.67469,0.52141,0.38733,0.52221,0.52221,0.52221,0.08448,0.02442,0.01916,0.00798,0.90948,0.99395,0.97079,0.99522,0.95586,0.97502,0.98455,0.99253
41,2,0.53521,0.6871,0.53444,0.41554,0.53521,0.53521,0.53521,0.12543,0.0352,0.02974,0.01416,0.86422,0.98965,0.95873,0.99393,0.93225,0.96199,0.97683,0.99099
41,3,0.50843,0.67855,0.50926,0.35642,0.50843,0.50843,0.50843,0.01006,0.01168,0.00504,0.00944,0.00613,0.01619,0.01333,0.02501,0.00985,0.0149,0.01626,0.0257
41,4,0.70393,0.70431,0.70396,0.70381,0.70393,0.70393,0.70393,0.32078,0.21428,0.14481,0.15724,0.25578,0.57655,0.51683,0.7311,0.38493,0.52974,0.58089,0.73814
41,5,0.64257,0.68734,0.64215,0.61946,0.64257,0.64257,0.64257,0.41659,0.21108,0.13969,0.09969,0.45521,0.8718,0.72381,0.93489,0.65449,0.79417,0.82276,0.92245
41,6,0.59464,0.69032,0.59403,0.53562,0.59464,0.59464,0.59464,0.31713,0.13059,0.08212,0.04684,0.63461,0.95173,0.84825,0.97885,0.80209,0.88422,0.91911,0.96595
41,7,0.59614,0.68957,0.59554,0.53866,0.59614,0.59614,0.59614,0.33037,0.1403,0.08494,0.0494,0.62188,0.95224,0.83873,0.97903,0.79676,0.8817,0.91545,0.96485
41,8,0.69536,0.6989,0.69524,0.69391,0.69536,0.69536,0.69536,0.36073,0.21064,0.16173,0.15356,0.31636,0.67709,0.59937,0.81001,0.46233,0.62406,0.66301,0.81656
41,9,0.59093,0.69182,0.59155,0.52977,0.59093,0.59093,0.59093,0.08676,0.06803,0.06757,0.11305,0.07803,0.16479,0.17714,0.24517,0.09444,0.16201,0.1565,0.26955
42,0,0.63321,0.70134,0.63371,0.59981,0.63321,0.63321,0.63321,0.12911,0.10098,0.0894,0.14308,0.12023,0.24933,0.2654,0.36638,0.15192,0.24132,0.25081,0.39389
42,1,0.55043,0.69143,0.55116,0.4501,0.55043,0.55043,0.55043,0.03836,0.02689,0.03297,0.05809,0.04526,0.08362,0.10222,0.12912,0.0505,0.08347,0.08537,0.14345
42,2,0.57414,0.68889,0.57481,0.4988,0.57414,0.57414,0.57414,0.0672,0.05087,0.05188,0.09069,0.06459,0.13179,0.14667,0.19754,0.0776,0.12948,0.12724,0.21793
42,3,0.56829,0.69267,0.5676,0.48422,0.56829,0.56829,0.56829,0.24078,0.08539,0.05598,0.02882,0.73503,0.97581,0.90413,0.98952,0.86635,0.92234,0.95163,0.98045
42,4,0.64471,0.70128,0.64517,0.61828,0.64471,0.64471,0.64471,0.15765,0.13261,0.10029,0.15283,0.12612,0.28377,0.2781,0.4107,0.1706,0.27089,0.28171,0.43453
42,5,0.63957,0.68709,0.63914,0.61471,0.63957,0.63957,0.63957,0.41764,0.21205,0.13556,0.0967,0.46205,0.87969,0.72762,0.93967,0.66475,0.80031,0.82927,0.92597
42,6,0.63321,0.68615,0.63276,0.60468,0.63321,0.63321,0.63321,0.4072,0.20061,0.12842,0.08752,0.48397,0.89117,0.74476,0.94537,0.68405,0.81247,0.8435,0.93102
42,7,0.67179,0.69064,0.67151,0.66325,0.67179,0.67179,0.67179,0.41085,0.2273,0.16399,0.13385,0.37199,0.78284,0.65333,0.88063,0.55143,0.71541,0.74268,0.87654
42,8,0.553,0.6924,0.55227,0.453,0.553,0.553,0.553,0.18302,0.0563,0.04503,0.02071,0.79915,0.98217,0.93524,0.99154,0.89735,0.94238,0.96545,0.98616
42,9,0.56643,0.69244,0.56573,0.48057,0.56643,0.56643,0.56643,0.23237,0.08094,0.05312,0.0266,0.74375,0.97612,0.90857,0.98952,0.87107,0.9242,0.95407,0.98067
43,0,0.62221,0.68704,0.62171,0.58584,0.62221,0.62221,0.62221,0.3827,0.17054,0.11866,0.07566,0.52876,0.91146,0.78476,0.95531,0.71813,0.83678,0.86789,0.94354
43,1,0.69086,0.69828,0.69069,0.68782,0.69086,0.69086,0.69086,0.38324,0.21982,0.16314,0.14529,0.33074,0.71398,0.61778,0.83759,0.49148,0.65462,0.6939,0.83919
43,2,0.58979,0.69108,0.59041,0.52789,0.58979,0.58979,0.58979,0.0864,0.06963,0.06664,0.11285,0.07685,0.16325,0.17333,0.24296,0.09362,0.16026,0.15407,0.26692
43,3,0.5245,0.6786,0.5237,0.39224,0.5245,0.5245,0.5245,0.09344,0.02633,0.02161,0.0092,0.90052,0.99395,0.96889,0.99522,0.95155,0.97316,0.98333,0.99253
43,4,0.65971,0.70247,0.66011,0.64108,0.65971,0.65971,0.65971,0.1846,0.15641,0.10876,0.16253,0.14262,0.32722,0.30984,0.46625,0.20037,0.30912,0.32561,0.48814
43,5,0.69557,0.69903,0.69546,0.69416,0.69557,0.69557,0.69557,0.36805,0.21973,0.16084,0.1533,0.31047,0.67852,0.59175,0.81148,0.46212,0.62296,0.6626,0.81591
43,6,0.69129,0.70742,0.69152,0.68533,0.69129,0.69129,0.69129,0.24277,0.18883,0.12159,0.16394,0.19236,0.43513,0.40635,0.59518,0.28228,0.40388,0.44634,0.61028
43,7,0.61457,0.68919,0.61403,0.57181,0.61457,0.61457,0.61457,0.38213,0.16962,0.10848,0.06593,0.5488,0.93093,0.79746,0.96708,0.74441,0.85289,0.88618,0.95211
43,8,0.69386,0.70512,0.69406,0.68973,0.69386,0.69386,0.69386,0.2558,0.19054,0.12744,0.16459,0.20556,0.46137,0.42984,0.62038,0.30076,0.4282,0.47073,0.63533
43,9,0.55414,0.69215,0.55341,0.45545,0.55414,0.55414,0.55414,0.18813,0.05866,0.04533,0.02087,0.79373,0.98186,0.9327,0.99136,0.8953,0.94063,0.96463,0.9855
44,0,0.66279,0.69038,0.66246,0.64983,0.66279,0.66279,0.66279,0.40429,0.2158,0.15751,0.12276,0.40971,0.814,0.68635,0.90215,0.58879,0.7463,0.77398,0.89675
44,1,0.59171,0.69172,0.59233,0.53125,0.59171,0.59171,0.59171,0.08654,0.06852,0.06736,0.11281,0.07968,0.16622,0.17905,0.24756,0.09608,0.16344,0.15894,0.27175
44,2,0.70429,0.70604,0.70436,0.7037,0.70429,0.70429,0.70429,0.30389,0.21021,0.14376,0.16144,0.24305,0.54694,0.49587,0.70609,0.36112,0.50487,0.55407,0.71551
44,3,0.5925,0.69071,0.59188,0.53152,0.5925,0.5925,0.5925,0.3226,0.13335,0.07862,0.04513,0.63508,0.95768,0.84825,0.98161,0.80866,0.88728,0.92236,0.96749
44,4,0.59279,0.69173,0.5934,0.53322,0.59279,0.59279,0.59279,0.09337,0.07893,0.06968,0.11554,0.07685,0.17022,0.17397,0.2529,0.09649,0.16617,0.16016,0.2757
44,5,0.54664,0.69134,0.5459,0.43976,0.54664,0.54664,0.54664,0.16208,0.0477,0.03775,0.01884,0.82296,0.98504,0.94476,0.99246,0.91131,0.94906,0.96951,0.98836
44,6,0.59314,0.69303,0.59376,0.53344,0.59314,0.59314,0.59314,0.08927,0.07138,0.06766,0.11219,0.07921,0.16848,0.17968,0.25106,0.09731,0.16497,0.1622,0.27438
44,7,0.68907,0.69754,0.68889,0.68557,0.68907,0.68907,0.68907,0.39636,0.23117,0.16441,0.14609,0.32838,0.72474,0.61397,0.84514,0.49743,0.66185,0.69837,0.84446
44,8,0.66871,0.69267,0.66841,0.65784,0.66871,0.66871,0.66871,0.4098,0.22251,0.1608,0.12903,0.3918,0.8016,0.67302,0.89553,0.57257,0.73338,0.76179,0.89082
44,9,0.51586,0.67899,0.51667,0.37458,0.51586,0.51586,0.51586,0.01766,0.02112,0.00762,0.01355,0.01155,0.02921,0.02413,0.04525,0.01889,0.02651,0.03171,0.04525
45,0,0.69307,0.70723,0.69329,0.68789,0.69307,0.69307,0.69307,0.24049,0.17788,0.1209,0.16078,0.20273,0.44323,0.4254,0.60327,0.29152,0.41242,0.45894,0.61973
45,1,0.65314,0.70299,0.65357,0.63083,0.65314,0.65314,0.65314,0.16621,0.13787,0.10287,0.15542,0.13744,0.30365,0.29968,0.43756,0.1862,0.28908,0.30569,0.46112
45,2,0.70414,0.70416,0.70415,0.70414,0.70414,0.70414,0.70414,0.33188,0.21843,0.14888,0.15778,0.26568,0.59756,0.53143,0.74986,0.39992,0.5488,0.59837,0.75615
45,3,0.60929,0.69111,0.60872,0.56181,0.60929,0.60929,0.60929,0.36953,0.15926,0.09652,0.0586,0.57072,0.94025,0.81333,0.9726,0.76535,0.86187,0.89878,0.95738
45,4,0.58086,0.69408,0.5802,0.50843,0.58086,0.58086,0.58086,0.28467,0.10549,0.06992,0.03766,0.68458,0.96926,0.88127,0.98676,0.83741,0.90733,0.93862,0.97627
45,5,0.68786,0.7085,0.68813,0.68013,0.68786,0.68786,0.68786,0.23541,0.18435,0.1216,0.1694,0.17963,0.41504,0.38857,0.57293,0.26442,0.38602,0.42154,0.59095
45,6,0.608,0.69048,0.60743,0.55977,0.608,0.608,0.608,0.36104,0.15427,0.09685,0.05823,0.5785,0.93954,0.81778,0.97204,0.76699,0.86384,0.89959,0.95782
45,7,0.55807,0.69246,0.55735,0.46354,0.55807,0.55807,0.55807,0.20567,0.06755,0.04442,0.0228,0.77558,0.98125,0.92381,0.99136,0.88996,0.93438,0.96138,0.98418
45,8,0.63764,0.70165,0.63812,0.60687,0.63764,0.63764,0.63764,0.14392,0.12091,0.09461,0.14955,0.11905,0.26296,0.26349,0.3844,0.15767,0.25227,0.26016,0.40971
45,9,0.50536,0.62962,0.50452,0.34732,0.50536,0.50536,0.50536,0.0202,0.00267,0.00636,0.00218,0.97713,0.99734,0.99365,0.99632,0.98707,0.99343,0.99431,0.99649
46,0,0.65864,0.68858,0.6583,0.64424,0.65864,0.65864,0.65864,0.40989,0.21778,0.15535,0.12125,0.41466,0.82455,0.68952,0.9073,0.59906,0.75441,0.77967,0.90092
46,1,0.70336,0.70367,0.70332,0.70322,0.70336,0.70336,0.70336,0.34166,0.21284,0.1501,0.15057,0.28265,0.62431,0.55873,0.77157,0.42291,0.57301,0.62602,0.77658
46,2,0.61836,0.68751,0.61783,0.57903,0.61836,0.61836,0.61836,0.38892,0.17344,0.1118,0.0696,0.53371,0.92263,0.78794,0.96138,0.73188,0.84368,0.87724,0.94684
46,3,0.5625,0.69474,0.5632,0.47406,0.5625,0.5625,0.5625,0.06387,0.06196,0.04246,0.07472,0.04455,0.10842,0.10413,0.16608,0.06138,0.10384,0.10366,0.17838
46,4,0.69279,0.70465,0.69299,0.68841,0.69279,0.69279,0.69279,0.26607,0.2104,0.13038,0.17115,0.19519,0.46126,0.41016,0.62056,0.29563,0.42601,0.4622,0.63335
46,5,0.50107,0.51519,0.50022,0.33722,0.50107,0.50107,0.50107,0.00391,-0.00032,0.0004,0.00036,0.99364,0.99754,0.99683,0.99651,0.9961,0.99649,0.99634,0.9967
46,6,0.54836,0.69125,0.5491,0.44578,0.54836,0.54836,0.54836,0.03971,0.03092,0.03298,0.05769,0.04125,0.08096,0.09397,0.12489,0.04742,0.0804,0.08049,0.13818
46,7,0.69821,0.70405,0.69836,0.69614,0.69821,0.69821,0.69821,0.28539,0.21443,0.14098,0.17265,0.21759,0.50297,0.44825,0.66268,0.32457,0.46555,0.50244,0.67509
46,8,0.55643,0.69268,0.55571,0.46008,0.55643,0.55643,0.55643,0.19728,0.0631,0.04407,0.02121,0.78406,0.98135,0.92825,0.99136,0.89284,0.9369,0.96341,0.98462
46,9,0.51793,0.68161,0.51874,0.37926,0.51793,0.51793,0.51793,0.01773,0.01818,0.00664,0.01203,0.01414,0.03187,0.03111,0.04929,0.02217,0.02881,0.0374,0.04943
47,0,0.56607,0.69297,0.56676,0.48168,0.56607,0.56607,0.56607,0.05537,0.04308,0.04246,0.07529,0.05705,0.11242,0.12889,0.17197,0.06795,0.11042,0.11341,0.18871
47,1,0.69314,0.7059,0.69336,0.68846,0.69314,0.69314,0.69314,0.25583,0.19661,0.12508,0.16419,0.19826,0.45409,0.41714,0.61376,0.29501,0.42009,0.46301,0.6272
47,2,0.62557,0.68764,0.62508,0.5913,0.62557,0.62557,0.62557,0.4034,0.18988,0.12021,0.08103,0.50754,0.91094,0.76635,0.95623,0.71033,0.83054,0.86098,0.942
47,3,0.63293,0.70152,0.63343,0.59928,0.63293,0.63293,0.63293,0.14411,0.12899,0.09312,0.14884,0.10891,0.25302,0.24254,0.37153,0.14863,0.24176,0.24593,0.39477
47,4,0.69086,0.70732,0.6911,0.68477,0.69086,0.69086,0.69086,0.25222,0.20118,0.12381,0.17048,0.18435,0.43656,0.39492,0.5961,0.27941,0.40322,0.44024,0.61072
47,5,0.70429,0.70432,0.70427,0.70426,0.70429,0.70429,0.70429,0.34083,0.22259,0.14926,0.15569,0.27016,0.61099,0.53905,0.76163,0.41039,0.55965,0.61057,0.76626
47,6,0.58721,0.69129,0.58658,0.52142,0.58721,0.58721,0.58721,0.30109,0.11977,0.07506,0.03985,0.66007,0.96116,0.86349,0.98326,0.82098,0.89605,0.93049,0.97034
47,7,0.56164,0.69336,0.56093,0.47063,0.56164,0.56164,0.56164,0.21824,0.07289,0.04882,0.02352,0.76167,0.97991,0.9181,0.99099,0.88195,0.93077,0.95935,0.98286
47,8,0.69443,0.70479,0.69462,0.69065,0.69443,0.69443,0.69443,0.26223,0.19734,0.129,0.16521,0.2058,0.46803,0.42984,0.62718,0.30445,0.43345,0.47561,0.64082
47,9,0.70293,0.70384,0.70287,0.70256,0.70293,0.70293,0.70293,0.35761,0.22585,0.15224,0.15221,0.28524,0.64286,0.5619,0.78775,0.43523,0.58747,0.63821,0.79042
48,0,0.652,0.68897,0.65162,0.63376,0.652,0.652,0.652,0.4126,0.21453,0.14837,0.11094,0.4347,0.8473,0.7073,0.92183,0.62554,0.77391,0.80163,0.91257
48,1,0.63321,0.68647,0.63275,0.60455,0.63321,0.63321,0.63321,0.41174,0.20299,0.13024,0.08903,0.48138,0.89311,0.74349,0.94648,0.68343,0.81367,0.84309,0.93212
48,2,0.56514,0.69179,0.56444,0.47815,0.56514,0.56514,0.56514,0.23145,0.07986,0.05103,0.02664,0.74611,0.97756,0.90984,0.9897,0.87415,0.92518,0.95447,0.98111
48,3,0.59586,0.69052,0.59525,0.5378,0.59586,0.59586,0.59586,0.33445,0.14177,0.08272,0.04803,0.62046,0.95491,0.83873,0.9805,0.79963,0.88235,0.91748,0.96551
48,4,0.69686,0.70497,0.69703,0.69394,0.69686,0.69686,0.69686,0.27919,0.21803,0.13351,0.17015,0.20698,0.48617,0.42921,0.64723,0.31451,0.44802,0.4878,0.65795
48,5,0.703,0.70583,0.7031,0.70204,0.703,0.703,0.703,0.29993,0.21385,0.14233,0.16791,0.23338,0.53331,0.47937,0.69321,0.34962,0.49195,0.53618,0.70409
48,6,0.69457,0.70516,0.69476,0.69071,0.69457,0.69457,0.69457,0.26194,0.19769,0.12788,0.1643,0.20486,0.4668,0.42857,0.62626,0.30404,0.43192,0.4752,0.6395
48,7,0.70007,0.70478,0.7002,0.69842,0.70007,0.70007,0.70007,0.29112,0.21739,0.14143,0.172,0.2223,0.51342,0.45651,0.6739,0.33299,0.47442,0.51341,0.68541
48,8,0.70479,0.7048,0.70478,0.70477,0.70479,0.70479,0.70479,0.33739,0.21829,0.14787,0.15349,0.27063,0.60801,0.54095,0.75924,0.40936,0.55724,0.61057,0.76406
48,9,0.69471,0.69906,0.69459,0.69295,0.69471,0.69471,0.69471,0.37716,0.2232,0.15988,0.14863,0.31212,0.68928,0.59619,0.81939,0.47075,0.63063,0.67276,0.8214
49,0,0.703,0.70676,0.70311,0.70172,0.703,0.703,0.703,0.28485,0.19671,0.13882,0.16493,0.23503,0.51988,0.48381,0.68052,0.34305,0.48187,0.52927,0.6942
49,1,0.69386,0.70598,0.69406,0.68943,0.69386,0.69386,0.69386,0.25899,0.19994,0.12518,0.16386,0.1992,0.45819,0.41841,0.61836,0.29809,0.42327,0.46707,0.63093
49,2,0.70236,0.70325,0.7023,0.70199,0.70236,0.70236,0.70236,0.3589,0.2272,0.15212,0.15089,0.28406,0.64296,0.56,0.7872,0.43502,0.58714,0.63821,0.7891
49,3,0.6525,0.68932,0.65212,0.6344,0.6525,0.6525,0.6525,0.42995,0.22581,0.14675,0.10947,0.42197,0.85192,0.69841,0.92422,0.62595,0.7727,0.80244,0.91191
49,4,0.6395,0.68828,0.63906,0.61411,0.6395,0.6395,0.6395,0.42766,0.21927,0.13435,0.0948,0.45757,0.88522,0.72444,0.94372,0.66804,0.80239,0.83293,0.92772
49,5,0.55414,0.69215,0.55341,0.45545,0.55414,0.55414,0.55414,0.19016,0.05866,0.0447,0.02024,0.79231,0.98248,0.9327,0.99136,0.89571,0.94041,0.96504,0.98528
49,6,0.51679,0.66519,0.51597,0.37517,0.51679,0.51679,0.51679,0.0659,0.01889,0.01772,0.00642,0.92928,0.99518,0.97651,0.9954,0.96366,0.98138,0.98699,0.99341
49,7,0.56093,0.69341,0.56022,0.46916,0.56093,0.56093,0.56093,0.21583,0.07099,0.04773,0.02292,0.7645,0.98032,0.92,0.99099,0.8838,0.93154,0.96016,0.98308
49,8,0.54121,0.69062,0.54045,0.42816,0.54121,0.54121,0.54121,0.14562,0.041,0.03343,0.01694,0.84229,0.98791,0.95238,0.99338,0.92199,0.95542,0.97317,0.99011
49,9,0.58564,0.6908,0.58628,0.52024,0.58564,0.58564,0.58564,0.08359,0.06738,0.06293,0.10614,0.07166,0.15526,0.16381,0.23119,0.08889,0.15182,0.14715,0.2533
50,0,0.63479,0.68708,0.63433,0.6069,0.63479,0.63479,0.63479,0.40967,0.20215,0.13058,0.08893,0.47996,0.88963,0.74286,0.94501,0.68035,0.81093,0.84187,0.9308
50,1,0.58007,0.69022,0.58072,0.50985,0.58007,0.58007,0.58007,0.07501,0.0589,0.05751,0.09957,0.06836,0.14337,0.15556,0.21446,0.08315,0.14065,0.13659,0.23616
50,2,0.61036,0.69155,0.6098,0.56354,0.61036,0.61036,0.61036,0.3709,0.15853,0.09652,0.05897,0.56813,0.93902,0.81333,0.97186,0.7637,0.86023,0.89797,0.95694
50,3,0.70379,0.70417,0.70375,0.70362,0.70379,0.70379,0.70379,0.35467,0.22988,0.14781,0.14992,0.27558,0.63025,0.54794,0.77782,0.4264,0.57421,0.62886,0.77878
50,4,0.57421,0.69343,0.57354,0.49574,0.57421,0.57421,0.57421,0.26544,0.09754,0.06011,0.03191,0.70863,0.97407,0.89143,0.98896,0.85444,0.91456,0.94634,0.97825
50,5,0.509,0.64644,0.50817,0.35658,0.509,0.509,0.509,0.03619,0.00865,0.01042,0.0033,0.96063,0.99682,0.9873,0.99595,0.97906,0.98948,0.99187,0.99517
50,6,0.64529,0.68865,0.64487,0.62328,0.64529,0.64529,0.64529,0.42132,0.21506,0.14222,0.10287,0.44719,0.86852,0.71873,0.93379,0.64812,0.79034,0.8187,0.92157
50,7,0.62071,0.68692,0.6202,0.58332,0.62071,0.62071,0.62071,0.4005,0.18585,0.11603,0.07579,0.51957,0.92007,0.7746,0.96046,0.72305,0.83908,0.86951,0.9453
50,8,0.63686,0.68742,0.63641,0.61015,0.63686,0.63686,0.63686,0.42025,0.21112,0.13322,0.09312,0.46794,0.88819,0.73333,0.94445,0.67399,0.80721,0.83659,0.9297
50,9,0.69243,0.70716,0.69266,0.68702,0.69243,0.69243,0.69243,0.2526,0.19821,0.12409,0.16763,0.19165,0.44425,0.40635,0.60456,0.2868,0.41089,0.45122,0.61885
